Task ID,Occupation,Task,importance,gpt_4o_score,gpt_4o_confidence,gpt_4o_reasoning
21311,Financial Managers,Establish and maintain relationships with individual or business customers or provide assistance with problems these customers may encounter.,4.3,2,medium,"While AI can assist with data analysis and routine inquiries, establishing and maintaining relationships requires interpersonal trust and nuanced understanding that AI cannot fully replicate."
21319,Financial Managers,Oversee the flow of cash or financial instruments.,4.2,3,medium,"AI can manage routine cash flow tasks, but human oversight is needed for strategic decisions and exceptions."
21312,Financial Managers,"Plan, direct, or coordinate the activities of workers in branches, offices, or departments of establishments, such as branch banks, brokerage firms, risk and insurance departments, or credit departments.",4.13,3,medium,"AI can handle routine data analysis and reporting, but human oversight is needed for strategic decision-making and interpersonal management."
21313,Financial Managers,Recruit staff members.,3.78,2,medium,"While AI can assist in screening and evaluating candidates, the final decision-making in recruitment often requires interpersonal trust and ethical judgment."
21315,Financial Managers,Evaluate data pertaining to costs to plan budgets.,3.61,4,high,"AI can analyze large datasets and generate budget plans with minimal human intervention, though human oversight is still needed for strategic decisions."
21316,Financial Managers,Oversee training programs.,3.47,2,medium,"While AI can assist in designing and evaluating training programs, human oversight is crucial for ensuring alignment with organizational goals and adapting to dynamic human factors."
21327,Financial Managers,"Establish procedures for custody or control of assets, records, loan collateral, or securities to ensure safekeeping.",4.38,3,medium,"AI can automate routine aspects of asset management and record-keeping, but human oversight is needed for judgment and compliance with regulations."
21322,Financial Managers,Communicate with stockholders or other investors to provide information or to raise capital.,4.24,2,medium,"While AI can assist in data analysis and presentation, the task requires interpersonal trust and nuanced communication skills that are challenging for AI to fully replicate."
21321,Financial Managers,Develop or analyze information to assess the current or future financial status of firms.,4.14,3,medium,"AI can handle data analysis and forecasting, but human judgment is needed for strategic decision-making and interpreting complex financial contexts."
21318,Financial Managers,"Approve, reject, or coordinate the approval or rejection of lines of credit or commercial, real estate, or personal loans.",4.09,3,medium,"AI can handle data analysis and risk assessment, but human judgment is needed for complex decision-making and ethical considerations."
21320,Financial Managers,"Prepare financial or regulatory reports required by laws, regulations, or boards of directors.",4.04,3,medium,"AI can automate data collection and initial report generation, but human oversight is needed for compliance interpretation and strategic insights."
21317,Financial Managers,"Examine, evaluate, or process loan applications.",3.98,3,medium,"AI can handle routine data analysis and risk assessment, but human judgment is needed for complex decision-making and ethical considerations."
21323,Financial Managers,"Evaluate financial reporting systems, accounting or collection procedures, or investment activities and make recommendations for changes to procedures, operating systems, budgets, or other financial control functions.",3.82,3,medium,"AI can analyze financial data and suggest optimizations, but human expertise is needed for nuanced judgment and strategic decision-making."
21325,Financial Managers,Network within communities to find and attract new business.,3.76,1,high,"Networking to attract new business requires interpersonal trust and relationship-building, which are challenging for AI to replicate."
21314,Financial Managers,Prepare operational or risk reports for management analysis.,3.65,4,high,"AI can efficiently analyze data and generate reports, but human oversight is needed for context and strategic decisions."
21326,Financial Managers,Review collection reports to determine the status of collections and the amounts of outstanding balances.,3.61,4,high,"AI can efficiently analyze collection reports and identify outstanding balances, with human oversight for exceptions."
21329,Financial Managers,Review reports of securities transactions or price lists to analyze market conditions.,3.18,4,high,"AI can efficiently analyze large datasets and identify market trends, allowing financial managers to focus on strategic decision-making."
8870,Treasurers and Controllers,Evaluate needs for procurement of funds and investment of surpluses and make appropriate recommendations.,4.52,3,medium,"AI can analyze financial data and trends to assist in evaluating funding needs and investment opportunities, but human expertise is still required for strategic decision-making and handling complex exceptions."
8858,Treasurers and Controllers,"Delegate authority for the receipt, disbursement, banking, protection, and custody of funds, securities, and financial instruments.",4.48,3,medium,"AI can automate routine financial transactions and monitoring, but human oversight is needed for strategic decision-making and handling exceptions."
8864,Treasurers and Controllers,"Develop and maintain relationships with banking, insurance, and external accounting personnel to facilitate financial activities.",4.44,1,high,"This task requires interpersonal trust and relationship-building, which are challenging for AI to replicate effectively."
20168,Treasurers and Controllers,"Monitor financial activities and details, such as cash flow and reserve levels, to ensure that all legal and regulatory requirements are met.",4.4,4,high,"AI systems in 2026 are highly capable of monitoring financial activities and ensuring compliance with legal and regulatory requirements, with humans primarily needed for oversight and handling complex exceptions."
8861,Treasurers and Controllers,"Receive, record, and authorize requests for disbursements in accordance with company policies and procedures.",4.33,4,high,"AI systems in 2026 can efficiently handle the routine processing and authorization of disbursement requests by following predefined company policies and procedures, with human oversight for exceptions."
8866,Treasurers and Controllers,"Develop internal control policies, guidelines, and procedures for activities, such as budget administration, cash and credit management, and accounting.",4.25,3,medium,"AI can automate routine aspects of policy development and data analysis, but human expertise is needed for judgment and customization to specific organizational contexts."
8865,Treasurers and Controllers,"Coordinate and direct the financial planning, budgeting, procurement, or investment activities of all or part of an organization.",4.22,3,medium,"AI can handle routine data analysis and forecasting, but human oversight is needed for strategic decision-making and ethical considerations."
8872,Treasurers and Controllers,Receive cash and checks and make deposits.,4.2,5,high,AI systems in 2026 can fully automate the process of receiving cash and checks and making deposits through advanced financial software and secure digital transaction methods.
8856,Treasurers and Controllers,"Prepare or direct preparation of financial statements, business activity reports, financial position forecasts, annual budgets, or reports required by regulatory agencies.",4.14,3,medium,"AI can automate routine data processing and report generation, but human oversight is needed for strategic decision-making and compliance interpretation."
8863,Treasurers and Controllers,"Monitor and evaluate the performance of accounting and other financial staff, recommending and implementing personnel actions, such as promotions and dismissals.",4.09,2,medium,"While AI can assist in performance monitoring through data analysis, human judgment is crucial for personnel actions due to the need for interpersonal trust and ethical considerations."
8867,Treasurers and Controllers,"Analyze the financial details of past, present, and expected operations to identify development opportunities and areas where improvement is needed.",4.08,3,medium,"AI can efficiently analyze financial data and identify patterns, but human expertise is still needed for nuanced judgment and strategic decision-making."
8860,Treasurers and Controllers,Conduct or coordinate audits of company accounts and financial transactions to ensure compliance with state and federal requirements and statutes.,4.06,3,medium,"AI can handle routine data analysis and compliance checks, but human oversight is needed for judgment and handling exceptions."
8868,Treasurers and Controllers,"Advise management on short-term and long-term financial objectives, policies, and actions.",4.0,2,medium,"While AI can analyze financial data and suggest strategies, human expertise is crucial for nuanced decision-making and aligning financial advice with organizational goals."
8859,Treasurers and Controllers,"Maintain current knowledge of organizational policies and procedures, federal and state policies and directives, and current accounting standards.",4.0,3,medium,"AI can efficiently process and update information on policies and standards, but human oversight is needed for interpretation and application in specific organizational contexts."
8869,Treasurers and Controllers,Provide direction and assistance to other organizational units regarding accounting and budgeting policies and procedures and efficient control and utilization of financial resources.,3.9,3,medium,"AI can automate routine financial analysis and reporting, but human oversight is needed for strategic decision-making and adapting to complex organizational contexts."
8871,Treasurers and Controllers,Lead staff training and development in budgeting and financial management areas.,3.71,2,medium,"While AI can assist with content delivery and tracking progress, the task requires interpersonal skills and tailored guidance that are best provided by humans."
8855,Treasurers and Controllers,Prepare and file annual tax returns or prepare financial information so that outside accountants can complete tax returns.,4.45,4,high,"AI can handle most of the data processing and compliance checks for tax preparation, but human oversight is needed for complex judgment calls and final review."
8857,Treasurers and Controllers,"Supervise employees performing financial reporting, accounting, billing, collections, payroll, and budgeting duties.",4.33,3,medium,"AI can automate routine financial tasks, but human oversight is needed for complex decision-making and ethical considerations."
8874,Treasurers and Controllers,Perform tax planning work.,4.14,3,medium,"AI can handle routine calculations and data analysis in tax planning, but human expertise is needed for strategic decision-making and navigating complex regulations."
8873,Treasurers and Controllers,"Compute, withhold, and account for all payroll deductions.",4.0,5,high,"AI systems in 2026 are fully capable of independently managing payroll computations, withholdings, and accounting due to advanced automation and integration with financial systems."
20169,Treasurers and Controllers,"Handle all aspects of employee insurance, benefits, and casualty programs, including monitoring changes in health insurance regulations and creating budgets for benefits and worker's compensation.",3.75,3,medium,"AI can automate routine data analysis and compliance monitoring, but human oversight is needed for strategic decision-making and adapting to regulatory changes."
8875,Treasurers and Controllers,"Determine depreciation rates to apply to capitalized items and advise management on actions regarding the purchase, lease, or disposal of such items.",3.0,3,medium,"AI can handle routine calculations and data analysis for depreciation rates, but human judgment is needed for strategic advice and complex decision-making."
7276,Management Analysts,Gather and organize information on problems or procedures.,4.48,4,high,"AI can efficiently gather and organize large datasets and information, leaving humans to focus on interpreting and applying insights."
7278,Management Analysts,Confer with personnel concerned to ensure successful functioning of newly implemented systems or procedures.,4.48,2,medium,"While AI can assist in analyzing data and suggesting improvements, the task requires interpersonal trust and understanding of organizational culture, which are challenging for AI to fully replicate."
7277,Management Analysts,Analyze data gathered and develop solutions or alternative methods of proceeding.,4.45,3,medium,"AI can efficiently analyze data and suggest solutions, but human judgment is needed for context-specific decision-making and implementation."
7282,Management Analysts,"Document findings of study and prepare recommendations for implementation of new systems, procedures, or organizational changes.",4.24,3,medium,"AI can automate data analysis and draft reports, but human expertise is needed for nuanced recommendations and understanding organizational context."
7285,Management Analysts,"Plan study of work problems and procedures, such as organizational change, communications, information flow, integrated production methods, inventory control, or cost analysis.",4.1,3,medium,"AI can handle data analysis and routine assessments, but human judgment is needed for understanding complex organizational dynamics and making strategic decisions."
7281,Management Analysts,"Interview personnel and conduct on-site observation to ascertain unit functions, work performed, and methods, equipment, and personnel used.",4.1,2,medium,"While AI can assist in data collection and analysis, the task requires interpersonal trust and nuanced understanding of human dynamics that are challenging for AI to fully replicate."
7283,Management Analysts,"Prepare manuals and train workers in use of new forms, reports, procedures or equipment, according to organizational policy.",3.84,3,medium,"AI can automate the creation of manuals and initial training content, but human oversight is needed for customization and addressing specific organizational nuances."
7280,Management Analysts,"Review forms and reports and confer with management and users about format, distribution, and purpose, identifying problems and improvements.",3.74,3,medium,"AI can handle routine data analysis and report generation, but human judgment is needed for nuanced understanding and decision-making."
7279,Management Analysts,"Develop and implement records management program for filing, protection, and retrieval of records, and assure compliance with program.",3.61,3,medium,"AI can automate routine tasks like data organization and compliance checks, but human oversight is needed for strategic decisions and addressing complex exceptions."
7284,Management Analysts,"Design, evaluate, recommend, and approve changes of forms and reports.",3.21,3,medium,"AI can handle data analysis and generate recommendations, but human judgment is needed for context-specific decisions and approval."
7286,Management Analysts,Recommend purchase of storage equipment and design area layout to locate equipment in space available.,3.21,3,medium,"AI can analyze data and suggest optimal layouts, but human judgment is needed for context-specific decisions and stakeholder communication."
21505,Accountants and Auditors,Prepare detailed reports on audit findings.,4.58,4,high,"AI can efficiently analyze financial data and generate detailed reports, but human oversight is still needed for complex judgment and ethical considerations."
21506,Accountants and Auditors,"Report to management about asset utilization and audit results, and recommend changes in operations and financial activities.",4.55,3,medium,"AI can automate data analysis and generate reports, but human expertise is needed for nuanced interpretation and strategic recommendations."
21507,Accountants and Auditors,"Collect and analyze data to detect deficient controls, duplicated effort, extravagance, fraud, or non-compliance with laws, regulations, and management policies.",4.5,4,high,"AI systems in 2026 are highly capable of analyzing large datasets to detect patterns indicative of deficiencies or fraud, though human oversight is still necessary for nuanced judgment and ethical considerations."
21508,Accountants and Auditors,"Inspect account books and accounting systems for efficiency, effectiveness, and use of accepted accounting procedures to record transactions.",4.5,4,high,"AI systems in 2026 are highly capable of analyzing accounting data for compliance and efficiency, though human oversight is still necessary for complex judgment calls and ethical considerations."
21509,Accountants and Auditors,"Supervise auditing of establishments, and determine scope of investigation required.",4.5,3,medium,"AI can handle routine data analysis and compliance checks, but human judgment is needed for determining investigation scope and addressing complex issues."
21510,Accountants and Auditors,Confer with company officials about financial and regulatory matters.,4.3,2,medium,"While AI can assist with data analysis and regulatory updates, the task requires interpersonal trust and nuanced understanding of company-specific contexts that are challenging for AI to fully automate."
21511,Accountants and Auditors,"Examine and evaluate financial and information systems, recommending controls to ensure system reliability and data integrity.",4.3,3,medium,"AI can handle routine data analysis and anomaly detection, but human expertise is needed for nuanced judgment and ethical considerations."
21512,Accountants and Auditors,"Inspect cash on hand, notes receivable and payable, negotiable securities, and canceled checks to confirm records are accurate.",4.25,4,high,"AI can efficiently handle the verification of financial records through advanced data analysis and pattern recognition, with human oversight for anomalies."
21513,Accountants and Auditors,Examine records and interview workers to ensure recording of transactions and compliance with laws and regulations.,4.24,3,medium,"AI can automate routine data analysis and compliance checks, but human judgment is needed for complex cases and interpersonal interactions."
21514,Accountants and Auditors,"Prepare, examine, or analyze accounting records, financial statements, or other financial reports to assess accuracy, completeness, and conformance to reporting and procedural standards.",4.24,4,high,"AI can efficiently handle data processing and compliance checks, but human oversight is needed for complex judgment and ethical considerations."
21515,Accountants and Auditors,Prepare adjusting journal entries.,4.23,4,high,"AI can automate most of the routine aspects of preparing adjusting journal entries, with humans primarily needed for oversight and exception handling."
21516,Accountants and Auditors,Review accounts for discrepancies and reconcile differences.,4.23,4,high,"AI systems in 2026 are highly capable of identifying discrepancies and reconciling accounts, with humans primarily needed for oversight and handling complex exceptions."
21517,Accountants and Auditors,Establish tables of accounts and assign entries to proper accounts.,4.14,4,high,AI systems in 2026 are highly capable of establishing tables of accounts and assigning entries due to advanced data processing and pattern recognition capabilities.
21518,Accountants and Auditors,Examine inventory to verify journal and ledger entries.,4.14,4,high,"AI can efficiently analyze and verify inventory data against journal and ledger entries, with humans primarily needed for oversight and exception handling."
21519,Accountants and Auditors,"Analyze business operations, trends, costs, revenues, financial commitments, and obligations to project future revenues and expenses or to provide advice.",4.03,3,medium,"AI can handle data analysis and trend identification, but human expertise is needed for nuanced judgment and strategic advice."
21520,Accountants and Auditors,Report to management regarding the finances of establishment.,4.03,3,high,"AI can automate data analysis and report generation, but human judgment is needed for interpreting results and providing insights to management."
21521,Accountants and Auditors,"Develop, implement, modify, and document recordkeeping and accounting systems, making use of current computer technology.",3.99,3,medium,"AI can automate routine data processing and system management, but human expertise is needed for system design and addressing complex exceptions."
21522,Accountants and Auditors,"Evaluate taxpayer finances to determine tax liability, using knowledge of interest and discount rates, annuities, valuation of stocks and bonds, and amortization valuation of depletable assets.",3.82,4,high,"AI systems in 2026 can efficiently handle complex financial calculations and data analysis, though human oversight is still needed for nuanced judgment and ethical considerations."
21523,Accountants and Auditors,"Examine whether the organization's objectives are reflected in its management activities, and whether employees understand the objectives.",3.69,2,medium,"While AI can analyze data to assess alignment with objectives, understanding employee comprehension requires human interaction and judgment."
21524,Accountants and Auditors,"Audit payroll and personnel records to determine unemployment insurance premiums, workers' compensation coverage, liabilities, and compliance with tax laws.",3.47,4,high,"AI can efficiently analyze payroll and personnel records for compliance and calculations, but human oversight is needed for complex judgment and exceptions."
21525,Accountants and Auditors,"Review taxpayer accounts, and conduct audits on-site, by correspondence, or by summoning taxpayer to office.",4.22,3,medium,"AI can handle routine data analysis and pattern recognition, but human judgment is needed for complex cases and ethical considerations."
21526,Accountants and Auditors,"Compute taxes owed and prepare tax returns, ensuring compliance with payment, reporting, or other tax requirements.",4.14,4,high,"AI systems in 2026 are highly capable of handling tax computations and compliance checks, with human oversight primarily needed for complex cases and exceptions."
21527,Accountants and Auditors,"Advise clients in areas such as compensation, employee health care benefits, the design of accounting or data processing systems, or long-range tax or estate plans.",4.11,2,medium,"While AI can assist with data analysis and provide recommendations, human expertise is crucial for understanding client-specific needs and building trust in advisory roles."
21529,Accountants and Auditors,"Direct activities of personnel engaged in filing, recording, compiling, and transmitting financial records.",3.8,3,medium,"AI can automate routine data management tasks, but human oversight is needed for judgment and exception handling."
21530,Accountants and Auditors,Conduct pre-implementation audits to determine if systems and programs under development will work as planned.,3.69,3,medium,"AI can handle routine data analysis and compliance checks, but human expertise is needed for nuanced judgment and understanding complex organizational contexts."
21531,Accountants and Auditors,"Develop, maintain, or analyze budgets, preparing periodic reports that compare budgeted costs to actual costs.",,4,high,"AI can efficiently handle data analysis and report generation, but human oversight is needed for context-specific judgment and decision-making."
21532,Accountants and Auditors,"Prepare, analyze, or verify annual reports, financial statements, and other records, using accepted accounting and statistical procedures to assess financial condition and facilitate financial planning.",,4,high,"AI can automate most of the data processing and analysis involved in preparing financial reports, but human oversight is still needed for complex judgment and compliance issues."
21533,Accountants and Auditors,Process invoices for payment.,,5,high,AI systems in 2026 are capable of fully automating invoice processing with high accuracy and efficiency.
21534,Accountants and Auditors,"Review data about material assets, net worth, liabilities, capital stock, surplus, income, or expenditures.",,4,high,"AI systems in 2026 are highly capable of analyzing and reviewing financial data for patterns and discrepancies, though human oversight is still necessary for complex judgment calls and regulatory compliance."
3394,Budget Analysts,Analyze monthly department budgeting and accounting reports to maintain expenditure controls.,4.37,4,high,"AI can efficiently analyze and identify patterns in financial data, flagging anomalies and ensuring compliance with expenditure controls, while humans review and make final decisions."
3398,Budget Analysts,"Provide advice and technical assistance with cost analysis, fiscal allocation, and budget preparation.",4.35,3,medium,"AI can handle routine data analysis and projections, but human judgment is needed for nuanced decision-making and ethical considerations."
3401,Budget Analysts,Review operating budgets to analyze trends affecting budget needs.,4.15,3,medium,"AI can analyze trends and handle routine data processing, but human judgment is needed for interpreting complex financial contexts and making strategic decisions."
3405,Budget Analysts,Compile and analyze accounting records and other data to determine the financial resources required to implement a program.,4.12,4,high,"AI can efficiently compile and analyze large datasets to determine financial requirements, with humans needed mainly for oversight and decision-making."
3402,Budget Analysts,"Examine budget estimates for completeness, accuracy, and conformance with procedures and regulations.",4.08,4,high,"AI can efficiently analyze and verify budget estimates for accuracy and compliance with established procedures and regulations, with human oversight for complex exceptions."
3399,Budget Analysts,Summarize budgets and submit recommendations for the approval or disapproval of funds requests.,4.07,3,medium,AI can automate data analysis and summarization but human judgment is needed for nuanced recommendations and ethical considerations.
3396,Budget Analysts,Consult with managers to ensure that budget adjustments are made in accordance with program changes.,4.06,3,medium,"AI can handle routine data analysis and suggest adjustments, but human judgment is needed for understanding program nuances and interpersonal communication with managers."
3395,Budget Analysts,Direct the preparation of regular and special budget reports.,4.02,4,high,"AI can efficiently compile and analyze financial data to prepare budget reports, with humans needed primarily for oversight and final approval."
3404,Budget Analysts,Interpret budget directives and establish policies for carrying out directives.,4.0,3,medium,"AI can assist in interpreting budget directives and suggesting policies, but human judgment is needed for nuanced understanding and ethical considerations."
3403,Budget Analysts,"Perform cost-benefit analyses to compare operating programs, review financial requests, or explore alternative financing methods.",3.7,3,medium,"AI can handle routine data analysis and calculations, but human judgment is needed for interpreting results and making strategic decisions."
3397,Budget Analysts,"Match appropriations for specific programs with appropriations for broader programs, including items for emergency funds.",3.49,4,high,"AI can efficiently analyze and match appropriations data using advanced algorithms, with humans needed primarily for oversight and validation."
3400,Budget Analysts,Seek new ways to improve efficiency and increase profits.,3.36,3,medium,"AI can analyze data and suggest efficiency improvements, but human judgment is needed for strategic decisions and understanding organizational context."
3406,Budget Analysts,"Testify before examining and fund-granting authorities, clarifying and promoting the proposed budgets.",3.81,2,medium,"While AI can assist with data analysis and presentation, the task requires interpersonal trust and persuasive communication, which are challenging for AI to fully automate."
1250,Credit Analysts,Analyze credit data and financial statements to determine the degree of risk involved in extending credit or lending money.,4.9,4,high,"AI systems in 2026 are highly capable of analyzing large datasets and financial statements to assess credit risk, though human oversight is still necessary for nuanced judgment and exceptions."
1254,Credit Analysts,"Complete loan applications, including credit analyses and summaries of loan requests, and submit to loan committees for approval.",4.76,4,high,"AI can efficiently analyze credit data and generate loan summaries, but human oversight is still needed for final approval and handling complex cases."
1255,Credit Analysts,"Generate financial ratios, using computer programs, to evaluate customers' financial status.",4.55,5,high,AI can independently generate financial ratios using advanced algorithms and data processing capabilities.
1251,Credit Analysts,Prepare reports that include the degree of risk involved in extending credit or lending money.,4.55,4,high,"AI can analyze financial data and risk factors to prepare credit risk reports, with humans needed mainly for oversight and handling complex exceptions."
1259,Credit Analysts,"Analyze financial data, such as income growth, quality of management, and market share to determine expected profitability of loans.",4.53,4,high,"AI can efficiently analyze large datasets and identify patterns in financial data, but human oversight is still needed for nuanced judgment and ethical considerations."
1257,Credit Analysts,"Compare liquidity, profitability, and credit histories of establishments being evaluated with those of similar establishments in the same industries and geographic locations.",4.25,4,high,"AI can efficiently analyze financial data and compare metrics across similar establishments, though human oversight is still needed for nuanced judgment."
1258,Credit Analysts,Consult with customers to resolve complaints and verify financial and credit transactions.,3.07,3,medium,"AI can handle routine verification and initial complaint analysis, but human judgment is needed for complex cases and interpersonal interactions."
21164,Credit Analysts,Contact customers to collect payments on delinquent accounts.,4.0,4,high,"AI can effectively handle most aspects of contacting customers for payment collection, including communication and negotiation, with humans monitoring for complex cases."
1252,Credit Analysts,"Evaluate customer records and recommend payment plans, based on earnings, savings data, payment history, and purchase activity.",3.69,4,high,"AI systems in 2026 can efficiently analyze financial data and patterns to recommend payment plans, with human oversight for complex cases."
1256,Credit Analysts,Review individual or commercial customer files to identify and select delinquent accounts for collection.,3.31,4,high,"AI can efficiently analyze financial data and identify delinquent accounts, but human oversight is still needed for complex judgment calls."
1253,Credit Analysts,Confer with credit association and other business representatives to exchange credit information.,3.08,3,medium,"AI can handle data exchange and analysis, but human judgment is needed for nuanced interpretation and relationship management."
21579,Financial and Investment Analysts,"Advise clients on aspects of capitalization, such as amounts, sources, or timing.",,3,medium,"AI can analyze data and provide recommendations, but human judgment is needed for personalized advice and trust-building with clients."
21580,Financial and Investment Analysts,Analyze financial or operational performance of companies facing financial difficulties to identify or recommend remedies.,,3,medium,"AI can analyze large datasets and identify patterns, but human expertise is needed for nuanced judgment and understanding complex financial contexts."
21581,Financial and Investment Analysts,Assess companies as investments for clients by examining company facilities.,,2,medium,"While AI can analyze data and provide insights, the task requires human judgment and physical presence to assess qualitative aspects of company facilities."
21582,Financial and Investment Analysts,"Collaborate on projects with other professionals, such as lawyers, accountants, or public relations experts.",,2,medium,"While AI can assist with data analysis and information gathering, the collaborative nature of working with diverse professionals requires interpersonal skills and nuanced understanding that AI cannot fully replicate."
21583,Financial and Investment Analysts,Collaborate with investment bankers to attract new corporate clients.,,2,medium,"While AI can assist with data analysis and market trends, building interpersonal trust and relationships with corporate clients requires human interaction and judgment."
21584,Financial and Investment Analysts,Conduct financial analyses related to investments in green construction or green retrofitting projects.,,3,medium,"AI can handle data analysis and modeling for green investments, but human expertise is needed for nuanced judgment and ethical considerations."
21585,Financial and Investment Analysts,"Confer with clients to restructure debt, refinance debt, or raise new debt.",,2,medium,"While AI can assist with data analysis and modeling, the task requires interpersonal trust and nuanced understanding of client-specific contexts, which are challenging for AI to fully automate."
21586,Financial and Investment Analysts,Create client presentations of plan details.,,4,high,"AI can generate detailed and customized client presentations using data analysis and natural language generation, with humans reviewing for accuracy and personalization."
21587,Financial and Investment Analysts,Determine the prices at which securities should be syndicated and offered to the public.,,3,medium,"AI can analyze large datasets and market trends to suggest pricing, but human expertise is needed for judgment on market conditions and investor sentiment."
21588,Financial and Investment Analysts,Develop and maintain client relationships.,,1,high,"Developing and maintaining client relationships requires interpersonal trust and nuanced communication, which are challenging for AI to replicate."
21589,Financial and Investment Analysts,"Draw charts and graphs, using computer spreadsheets, to illustrate technical reports.",,5,high,"AI can fully automate the creation of charts and graphs from data in spreadsheets, as this task involves routine data processing and visualization."
21590,Financial and Investment Analysts,Employ financial models to develop solutions to financial problems or to assess the financial or capital impact of transactions.,,4,high,"AI can effectively employ financial models to analyze data and generate solutions, with human oversight needed primarily for strategic judgment and exception handling."
21591,Financial and Investment Analysts,Evaluate and compare the relative quality of various securities in a given industry.,,3,medium,"AI can analyze large datasets and identify patterns, but human judgment is needed for nuanced evaluation and understanding of market context."
21592,Financial and Investment Analysts,Evaluate capital needs of clients and assess market conditions to inform structuring of financial packages.,,3,medium,"AI can analyze market data and perform routine assessments, but human judgment is needed for nuanced client evaluations and ethical considerations."
21593,Financial and Investment Analysts,"Inform investment decisions by analyzing financial information to forecast business, industry, or economic conditions.",,3,medium,"AI can process large datasets and identify patterns, but human judgment is needed for nuanced interpretation and decision-making."
21594,Financial and Investment Analysts,"Interpret data on price, yield, stability, future investment-risk trends, economic influences, and other factors affecting investment programs.",,3,medium,"AI can analyze large datasets and identify patterns, but human judgment is still needed for nuanced interpretation and decision-making based on complex economic influences."
21595,Financial and Investment Analysts,"Monitor developments in the fields of industrial technology, business, finance, and economic theory.",,3,medium,"AI can efficiently gather and analyze data on developments, but human analysts are needed for nuanced interpretation and strategic decision-making."
21596,Financial and Investment Analysts,"Monitor fundamental economic, industrial, and corporate developments by analyzing information from financial publications and services, investment banking firms, government agencies, trade publications, company sources, or personal interviews.",,3,medium,"AI can efficiently process and analyze large volumes of financial data, but human expertise is still needed for nuanced judgment and interpretation of complex economic developments."
21597,Financial and Investment Analysts,Perform securities valuation or pricing.,,4,high,"AI can efficiently analyze large datasets and apply complex models for securities valuation, with human oversight for strategic decisions."
21598,Financial and Investment Analysts,Prepare all materials for transactions or execution of deals.,,4,high,"AI can efficiently gather, analyze, and organize financial data for transactions, with humans primarily needed for oversight and final approval."
21599,Financial and Investment Analysts,"Prepare plans of action for investment, using financial analyses.",,3,medium,"AI can handle data analysis and generate investment plans, but human judgment is needed for strategic decisions and adapting to complex market conditions."
21600,Financial and Investment Analysts,"Present oral or written reports on general economic trends, individual corporations, and entire industries.",,3,medium,"AI can generate reports using data analysis and natural language processing, but human expertise is needed for nuanced interpretation and presentation."
21601,Financial and Investment Analysts,Purchase investments for companies in accordance with company policy.,,4,high,"AI can analyze vast amounts of financial data and market trends to make investment decisions in line with company policies, with human oversight for strategic alignment."
21602,Financial and Investment Analysts,"Recommend investments and investment timing to companies, investment firm staff, or the public.",,3,medium,"AI can analyze large datasets and identify trends, but human judgment is still needed for nuanced decision-making and understanding market sentiment."
21603,Financial and Investment Analysts,"Specialize in green financial instruments, such as socially responsible mutual funds or exchange-traded funds (ETF) that are comprised of green companies.",,3,medium,"AI can analyze large datasets and identify trends in green financial instruments, but human expertise is needed for nuanced judgment and ethical considerations."
21604,Financial and Investment Analysts,"Supervise, train, or mentor junior team members.",,1,high,"Supervising, training, or mentoring junior team members requires interpersonal trust, nuanced communication, and ethical judgment, which are challenging for AI to replicate."
12907,Personal Financial Advisors,"Interview clients to determine their current income, expenses, insurance coverage, tax status, financial objectives, risk tolerance, or other information needed to develop a financial plan.",4.65,3,medium,"AI can handle data collection and analysis, but human advisors are needed for nuanced understanding and building trust with clients."
12904,Personal Financial Advisors,Analyze financial information obtained from clients to determine strategies for meeting clients' financial objectives.,4.62,3,medium,"AI can analyze financial data and suggest strategies, but human advisors are needed for personalized judgment and building client trust."
12905,Personal Financial Advisors,Answer clients' questions about the purposes and details of financial plans and strategies.,4.54,3,medium,"AI can handle routine inquiries and provide general information, but human advisors are needed for personalized advice and building trust with clients."
20183,Personal Financial Advisors,"Review clients' accounts and plans regularly to determine whether life changes, economic changes, environmental concerns, or financial performance indicate a need for plan reassessment.",4.46,3,medium,"AI can analyze financial data and detect changes, but human advisors are needed for nuanced judgment and personalized advice."
20184,Personal Financial Advisors,"Manage client portfolios, keeping client plans up-to-date.",4.44,3,medium,"AI can handle routine portfolio management tasks, but human advisors are needed for personalized advice and trust-building with clients."
20182,Personal Financial Advisors,"Recommend to clients strategies in cash management, insurance coverage, investment planning, or other areas to help them achieve their financial goals.",4.42,3,medium,"AI can handle data analysis and routine strategy formulation, but human advisors are needed for personalized advice and building trust with clients."
20189,Personal Financial Advisors,"Recommend financial products, such as stocks, bonds, mutual funds, or insurance.",4.21,3,medium,"AI can analyze financial data and suggest products, but human advisors are needed for personalized advice and trust-building."
12909,Personal Financial Advisors,"Implement financial planning recommendations, or refer clients to someone who can assist them with plan implementation.",4.19,3,medium,"AI can automate routine aspects of financial planning implementation, but human judgment is needed for personalized advice and building client trust."
12915,Personal Financial Advisors,Contact clients periodically to determine any changes in their financial status.,4.12,3,medium,"AI can handle routine communication and data analysis, but human advisors are needed for personalized advice and building trust."
12913,Personal Financial Advisors,"Prepare or interpret for clients information, such as investment performance reports, financial document summaries, or income projections.",4.04,3,medium,"AI can automate data analysis and report generation, but human advisors are needed for personalized interpretation and trust-building with clients."
20186,Personal Financial Advisors,Explain to clients the personal financial advisor's responsibilities and the types of services to be provided.,4.0,2,high,"While AI can assist in providing information, the task requires interpersonal trust and understanding of client-specific needs, which are best handled by humans."
20187,Personal Financial Advisors,Investigate available investment opportunities to determine compatibility with client financial plans.,3.96,3,medium,"AI can analyze and match investment opportunities to client profiles, but human advisors are needed for personalized judgment and trust-building."
12914,Personal Financial Advisors,"Guide clients in the gathering of information, such as bank account records, income tax returns, life and disability insurance records, pension plans, or wills.",3.83,4,high,"AI can efficiently gather and organize financial documents, though human oversight is needed for personalized advice and complex judgment."
20188,Personal Financial Advisors,Monitor financial market trends to ensure that client plans are responsive.,3.58,4,high,"AI can effectively analyze and monitor financial market trends, providing real-time insights and alerts, while humans review and adjust client plans based on these insights."
20185,Personal Financial Advisors,Recruit and maintain client bases.,3.5,2,medium,"While AI can assist in analyzing financial data and suggesting strategies, building and maintaining client relationships requires interpersonal trust and nuanced understanding of individual client needs."
12916,Personal Financial Advisors,"Meet with clients' other advisors, such as attorneys, accountants, trust officers, or investment bankers, to fully understand clients' financial goals and circumstances.",3.4,2,medium,"This task requires interpersonal trust and nuanced understanding of complex financial situations, which AI can assist with but not fully automate."
12917,Personal Financial Advisors,Devise debt liquidation plans that include payoff priorities and timelines.,3.35,3,medium,"AI can analyze financial data and suggest debt liquidation plans, but human advisors are needed for personalized judgment and ethical considerations."
12918,Personal Financial Advisors,"Open accounts for clients, and disburse funds from accounts to creditors as agent for clients.",3.85,4,high,"AI can efficiently handle the routine processes of opening accounts and disbursing funds, with human oversight for compliance and exceptions."
19570,Personal Financial Advisors,"Inform clients about tax benefits, government rebates, or other financial benefits of alternative-fuel vehicle purchases or energy-efficient home construction, improvements, or remodeling.",2.75,3,medium,"AI can efficiently process and provide information on tax benefits and rebates, but human advisors are still needed for personalized advice and trust-building."
19571,Personal Financial Advisors,"Recommend environmentally responsible investments, such as cleantech, alternative energy, or conservation technologies, companies, or funds.",2.56,3,medium,"AI can analyze and recommend environmentally responsible investments based on data, but human advisors are needed for personalized advice and ethical considerations."
12919,Personal Financial Advisors,"Conduct seminars or workshops on financial planning topics, such as retirement planning, estate planning, or the evaluation of severance packages.",2.07,3,medium,"AI can handle routine presentation and data analysis tasks, but human advisors are needed for personalized interaction and addressing specific audience questions."
21605,Financial Risk Specialists,"Analyze areas of potential risk to the assets, earning capacity, or success of organizations.",,3,medium,"AI can handle data analysis and pattern recognition, but human expertise is needed for nuanced judgment and understanding of complex financial contexts."
21606,Financial Risk Specialists,Analyze new legislation to determine impact on risk exposure.,,3,medium,"AI can assist in analyzing legislative text and identifying potential risk factors, but human expertise is needed for nuanced interpretation and judgment."
21607,Financial Risk Specialists,"Conduct statistical analyses to quantify risk, using statistical analysis software or econometric models.",,4,high,"AI can effectively conduct statistical analyses and use econometric models to quantify risk, with humans primarily needed for oversight and interpretation of complex scenarios."
21608,Financial Risk Specialists,Confer with traders to identify and communicate risks associated with specific trading strategies or positions.,,3,medium,"AI can analyze data and identify risks, but human judgment is needed for nuanced communication and decision-making."
21609,Financial Risk Specialists,Consult financial literature to ensure use of the latest models or statistical techniques.,,4,high,"AI can efficiently process and analyze large volumes of financial literature to identify and apply the latest models and techniques, with human oversight for validation."
21610,Financial Risk Specialists,Contribute to development of risk management systems.,,3,medium,"AI can automate data analysis and modeling in risk management systems, but human expertise is needed for judgment and handling complex exceptions."
21611,Financial Risk Specialists,Determine potential environmental impacts of new products or processes on long-term growth and profitability.,,3,medium,"AI can analyze data and model scenarios, but human expertise is needed for nuanced judgment and ethical considerations."
21612,Financial Risk Specialists,Develop contingency plans to deal with emergencies.,,3,medium,"AI can analyze data and suggest contingency plans, but human expertise is needed for judgment and handling exceptions."
21613,Financial Risk Specialists,Develop or implement risk-assessment models or methodologies.,,3,high,"AI can handle data analysis and model generation, but human expertise is needed for judgment and handling exceptions."
21614,Financial Risk Specialists,Devise scenario analyses reflecting possible severe market events.,,3,medium,"AI can generate scenario analyses using historical data and predictive models, but human expertise is needed for interpreting results and considering unprecedented factors."
21615,Financial Risk Specialists,Devise systems or processes to monitor validity of risk assessments.,,3,medium,"AI can handle routine data analysis and monitoring, but human expertise is needed for judgment and handling exceptions."
21616,Financial Risk Specialists,"Document, and ensure communication of, key risks.",,3,medium,"AI can automate the documentation and initial communication of key risks, but human oversight is needed for nuanced judgment and interpretation."
21617,Financial Risk Specialists,"Draw charts and graphs, using computer spreadsheets, to illustrate technical reports.",,5,high,AI in 2026 can fully automate the creation of charts and graphs from data using advanced spreadsheet and data visualization tools.
21618,Financial Risk Specialists,Evaluate and compare the relative quality of various securities in a given industry.,,3,medium,"AI can analyze large datasets and identify patterns in securities, but human expertise is needed for nuanced judgment and understanding of market context."
21619,Financial Risk Specialists,Evaluate the risks and benefits involved in implementing green building technologies.,,3,medium,"AI can analyze data and trends related to green building technologies, but human expertise is needed for nuanced judgment and ethical considerations."
21620,Financial Risk Specialists,"Evaluate the risks related to green investments, such as renewable energy company stocks.",,3,medium,"AI can analyze large datasets and identify patterns in green investments, but human expertise is needed for nuanced judgment and ethical considerations."
21621,Financial Risk Specialists,Gather risk-related data from internal or external resources.,,5,high,AI systems in 2026 are highly capable of autonomously gathering and processing large volumes of risk-related data from various sources.
21622,Financial Risk Specialists,"Identify key risks and mitigating factors of potential investments, such as asset types and values, legal and ownership structures, professional reputations, customer bases, or industry segments.",,3,medium,"AI can analyze large datasets and identify patterns in financial risks, but human expertise is still needed for nuanced judgment and understanding of complex, context-specific factors."
21623,Financial Risk Specialists,"Inform financial decisions by analyzing financial information to forecast business, industry, or economic conditions.",,3,medium,"AI can analyze large datasets and identify patterns, but human expertise is still needed for nuanced judgment and understanding of complex economic conditions."
21624,Financial Risk Specialists,"Interpret data on price, yield, stability, future investment-risk trends, economic influences, and other factors affecting investment programs.",,4,high,"AI systems in 2026 are highly capable of analyzing complex financial data and trends, though human oversight is still needed for nuanced judgment and ethical considerations."
21625,Financial Risk Specialists,Maintain input or data quality of risk management systems.,,4,high,"AI systems in 2026 are highly capable of maintaining data quality through advanced algorithms and automated checks, with humans primarily needed for oversight."
21626,Financial Risk Specialists,"Meet with clients to answer queries on subjects such as risk exposure, market scenarios, or values-at-risk calculations.",,3,medium,"AI can handle routine calculations and provide data-driven insights, but human specialists are needed for personalized advice and building client trust."
21627,Financial Risk Specialists,"Monitor developments in the fields of industrial technology, business, finance, and economic theory.",,3,medium,"AI can efficiently track and analyze data trends, but human expertise is needed for nuanced interpretation and strategic decision-making."
21628,Financial Risk Specialists,"Prepare plans of action for investment, using financial analyses.",,3,medium,"AI can handle routine data analysis and risk modeling, but human expertise is needed for judgment and adapting to complex, unpredictable market conditions."
21629,Financial Risk Specialists,"Produce reports or presentations that outline findings, explain risk positions, or recommend changes.",,3,medium,"AI can automate data analysis and initial report drafting, but human expertise is needed for nuanced interpretation and recommendations."
21630,Financial Risk Specialists,Provide statistical modeling advice to other departments.,,3,medium,"AI can handle routine statistical modeling tasks, but human expertise is needed for nuanced advice and interpretation."
21631,Financial Risk Specialists,"Recommend investments and investment timing to companies, investment firm staff, or the public.",,3,medium,"AI can analyze vast datasets and identify patterns for investment recommendations, but human expertise is still needed for nuanced judgment and understanding of complex market dynamics."
21632,Financial Risk Specialists,Recommend ways to control or reduce risk.,,3,medium,"AI can analyze data and identify patterns to suggest risk control measures, but human expertise is needed for nuanced judgment and decision-making."
21633,Financial Risk Specialists,Review or draft risk disclosures for offer documents.,,3,medium,"AI can handle routine analysis and drafting of risk disclosures, but human expertise is needed for nuanced judgment and regulatory compliance."
21634,Financial Risk Specialists,"Track, measure, or report on aspects of market risk for traded issues.",,4,high,"AI can efficiently analyze large datasets and identify market risk patterns, but human oversight is still needed for complex judgment calls and regulatory compliance."
7324,Financial Examiners,"Direct and participate in formal and informal meetings with bank directors, trustees, senior management, counsels, outside accountants, and consultants to gather information and discuss findings.",4.73,2,medium,"While AI can assist in data analysis and information gathering, the task requires interpersonal trust and nuanced communication that are challenging for AI to fully automate."
7317,Financial Examiners,"Recommend actions to ensure compliance with laws and regulations, or to protect solvency of institutions.",4.65,3,medium,"AI can handle routine compliance checks and data analysis, but human judgment is needed for complex regulatory interpretation and ethical considerations."
7319,Financial Examiners,"Prepare reports, exhibits, and other supporting schedules that detail an institution's safety and soundness, compliance with laws and regulations, and recommended solutions to questionable financial conditions.",4.45,3,medium,"AI can automate data analysis and report generation, but human expertise is needed for nuanced judgment and interpretation of complex financial regulations."
7327,Financial Examiners,"Resolve problems concerning the overall financial integrity of banking institutions including loan investment portfolios, capital, earnings, and specific or large troubled accounts.",4.24,3,medium,"AI can analyze financial data and identify potential issues, but human expertise is needed for judgment and handling complex exceptions."
7314,Financial Examiners,Investigate activities of institutions to enforce laws and regulations and to ensure legality of transactions and operations or financial solvency.,4.17,3,medium,"AI can handle routine data analysis and flag potential issues, but human judgment is needed for complex legal interpretations and ethical considerations."
7320,Financial Examiners,"Review balance sheets, operating income and expense accounts, and loan documentation to confirm institution assets and liabilities.",4.13,4,high,"AI systems in 2026 can efficiently analyze financial documents and detect discrepancies, but human oversight is still needed for complex judgment and regulatory compliance."
7316,Financial Examiners,"Plan, supervise, and review work of assigned subordinates.",4.13,2,medium,"While AI can assist with data analysis and routine supervision tasks, human oversight is crucial for ethical judgment and interpersonal trust in managing subordinates."
7321,Financial Examiners,Review audit reports of internal and external auditors to monitor adequacy of scope of reports or to discover specific weaknesses in internal routines.,4.04,3,medium,"AI can efficiently analyze audit reports for routine checks, but human expertise is needed for nuanced judgment and understanding complex financial contexts."
7318,Financial Examiners,"Examine the minutes of meetings of directors, stockholders, and committees to investigate the specific authority extended at various levels of management.",3.96,3,medium,"AI can analyze meeting minutes for routine patterns and discrepancies, but human judgment is needed for context and nuanced understanding of authority levels."
7322,Financial Examiners,Train other examiners in the financial examination process.,3.83,2,medium,"Training requires interpersonal skills and the ability to adapt to trainees' needs, which AI can assist with but not fully replicate."
7323,Financial Examiners,Establish guidelines for procedures and policies that comply with new and revised regulations and direct their implementation.,3.78,3,medium,"AI can assist in analyzing regulations and drafting guidelines, but human expertise is needed for judgment and ensuring compliance with nuanced legal and ethical standards."
7315,Financial Examiners,"Review and analyze new, proposed, or revised laws, regulations, policies, and procedures to interpret their meaning and determine their impact.",3.74,3,medium,"AI can assist in analyzing and interpreting legal texts, but human expertise is needed for nuanced understanding and judgment."
20190,Financial Examiners,Provide regulatory compliance training to employees.,3.59,2,medium,"While AI can assist in delivering standardized training content, human expertise is crucial for addressing specific regulatory nuances and fostering interpersonal trust."
7328,Financial Examiners,Evaluate data processing applications for institutions under examination to develop recommendations for coordinating existing systems with examination procedures.,3.5,4,high,"AI can efficiently process and analyze large datasets to evaluate data processing applications, but human oversight is still needed for nuanced judgment and regulatory compliance."
7326,Financial Examiners,"Review applications for mergers, acquisitions, establishment of new institutions, acceptance in Federal Reserve System, or registration of securities sales to determine their public interest value and conformance to regulations, and recommend acceptance or rejection.",3.5,3,medium,"AI can handle routine data analysis and compliance checks, but human judgment is needed for assessing public interest value and complex regulatory conformance."
7325,Financial Examiners,"Verify and inspect cash reserves, assigned collateral, and bank-owned securities to check internal control procedures.",3.24,4,high,"AI systems in 2026 are highly capable of analyzing financial data and verifying compliance with internal control procedures, though human oversight is still needed for complex judgment calls."
7329,Financial Examiners,"Confer with officials of real estate, securities, or financial institution industries to exchange views and discuss issues or pending cases.",2.94,2,medium,"The task requires interpersonal trust and nuanced understanding of complex financial issues, which AI can assist with but not fully automate."
7358,Tax Preparers,"Compute taxes owed or overpaid, using adding machines or personal computers, and complete entries on forms, following tax form instructions and tax tables.",4.75,5,high,AI systems in 2026 are fully capable of independently computing taxes and completing forms by following structured tax instructions and tables.
7360,Tax Preparers,"Use all appropriate adjustments, deductions, and credits to keep clients' taxes to a minimum.",4.71,4,high,"AI can efficiently analyze tax codes and optimize deductions and credits, but human oversight ensures compliance and handles complex exceptions."
7363,Tax Preparers,Furnish taxpayers with sufficient information and advice to ensure correct tax form completion.,4.57,3,medium,"AI can handle routine data analysis and form completion, but human oversight is needed for complex cases and personalized advice."
7361,Tax Preparers,Interview clients to obtain additional information on taxable income and deductible expenses and allowances.,4.57,3,medium,"AI can handle routine data collection and analysis, but human judgment is needed for nuanced client interactions and understanding complex personal circumstances."
7359,Tax Preparers,Prepare or assist in preparing simple to complex tax returns for individuals or small businesses.,4.5,4,high,"AI can handle most tax preparation tasks due to advancements in data processing and regulatory compliance, with humans primarily needed for oversight and handling unique cases."
7362,Tax Preparers,"Review financial records, such as income statements and documentation of expenditures to determine forms needed to prepare tax returns.",4.45,4,high,"AI systems in 2026 are highly capable of analyzing financial records and determining the necessary tax forms, with humans primarily needed for oversight and handling complex exceptions."
7366,Tax Preparers,"Check data input or verify totals on forms prepared by others to detect errors in arithmetic, data entry, or procedures.",4.37,5,high,AI systems in 2026 are highly capable of independently verifying arithmetic and data entry errors in tax forms due to advancements in natural language processing and data analysis.
20364,Tax Preparers,Explain federal and state tax laws to individuals and companies.,4.21,3,medium,"AI can provide detailed explanations of tax laws, but human expertise is needed for personalized advice and handling complex exceptions."
20363,Tax Preparers,Answer questions and provide future tax planning to clients.,4.2,3,medium,"AI can handle routine tax calculations and provide general advice, but human expertise is needed for personalized planning and addressing complex client-specific scenarios."
7364,Tax Preparers,Consult tax law handbooks or bulletins to determine procedures for preparation of atypical returns.,4.2,3,medium,"AI can efficiently analyze tax law documents and suggest procedures, but human expertise is needed for nuanced interpretation and handling exceptions."
7365,Tax Preparers,Calculate form preparation fees according to return complexity and processing time required.,4.05,5,high,"AI can accurately calculate form preparation fees based on predefined criteria such as return complexity and processing time, which are structured and quantifiable tasks."
21165,Tax Preparers,Schedule appointments with clients.,3.75,5,high,AI can independently handle scheduling tasks using natural language processing and calendar integration.
2487,"Bookkeeping, Accounting, and Auditing Clerks","Operate computers programmed with accounting software to record, store, and analyze information.",4.76,5,high,"AI systems in 2026 are fully capable of independently operating accounting software to record, store, and analyze financial information with high accuracy and efficiency."
2486,"Bookkeeping, Accounting, and Auditing Clerks","Check figures, postings, and documents for correct entry, mathematical accuracy, and proper codes.",4.68,5,high,AI systems in 2026 are highly capable of independently verifying numerical data and ensuring accuracy in bookkeeping tasks.
2488,"Bookkeeping, Accounting, and Auditing Clerks","Comply with federal, state, and company policies, procedures, and regulations.",4.57,4,high,"AI systems in 2026 are highly capable of processing and ensuring compliance with complex regulatory frameworks, though human oversight is still needed for nuanced judgment and exceptions."
2495,"Bookkeeping, Accounting, and Auditing Clerks","Operate 10-key calculators, typewriters, and copy machines to perform calculations and produce documents.",4.47,5,high,"AI and automation technologies have advanced to the point where they can independently perform calculations and document production tasks using digital tools, rendering manual operation of calculators, typewriters, and copy machines obsolete."
2500,"Bookkeeping, Accounting, and Auditing Clerks","Receive, record, and bank cash, checks, and vouchers.",4.46,5,high,"AI systems in 2026 can fully automate the receipt, recording, and banking of cash, checks, and vouchers through advanced data processing and integration with financial systems."
2493,"Bookkeeping, Accounting, and Auditing Clerks",Code documents according to company procedures.,4.32,4,high,"AI systems in 2026 are highly capable of coding documents according to predefined company procedures, with humans primarily needed for oversight."
2497,"Bookkeeping, Accounting, and Auditing Clerks","Perform financial calculations, such as amounts due, interest charges, balances, discounts, equity, and principal.",4.32,5,high,AI systems in 2026 are highly capable of performing financial calculations accurately and efficiently without human intervention.
2496,"Bookkeeping, Accounting, and Auditing Clerks",Reconcile or note and report discrepancies found in records.,4.29,4,high,"AI systems in 2026 are highly capable of identifying and reconciling discrepancies in financial records, with human oversight primarily needed for exceptional cases."
2498,"Bookkeeping, Accounting, and Auditing Clerks","Perform general office duties, such as filing, answering telephones, and handling routine correspondence.",4.24,4,high,"AI systems in 2026 are highly capable of handling routine office tasks such as filing, answering telephones, and managing correspondence with minimal human intervention."
2494,"Bookkeeping, Accounting, and Auditing Clerks",Access computerized financial information to answer general questions as well as those related to specific accounts.,4.19,5,high,AI systems in 2026 are capable of independently accessing and interpreting computerized financial information to answer both general and specific account-related questions.
2490,"Bookkeeping, Accounting, and Auditing Clerks","Classify, record, and summarize numerical and financial data to compile and keep financial records, using journals and ledgers or computers.",4.17,5,high,"AI systems in 2026 are highly capable of independently classifying, recording, and summarizing financial data due to advancements in natural language processing and machine learning."
2489,"Bookkeeping, Accounting, and Auditing Clerks","Debit, credit, and total accounts on computer spreadsheets and databases, using specialized accounting software.",4.15,5,high,"AI systems in 2026 are fully capable of independently handling routine bookkeeping tasks such as debiting, crediting, and totaling accounts using specialized accounting software."
2509,"Bookkeeping, Accounting, and Auditing Clerks","Match order forms with invoices, and record the necessary information.",4.12,5,high,AI systems in 2026 are highly capable of independently matching order forms with invoices and recording information due to advancements in natural language processing and data extraction technologies.
18561,"Bookkeeping, Accounting, and Auditing Clerks",Prepare and process payroll information.,4.71,4,high,"AI systems in 2026 can efficiently handle payroll processing with minimal human intervention, requiring human oversight primarily for exceptions and compliance."
2499,"Bookkeeping, Accounting, and Auditing Clerks","Prepare bank deposits by compiling data from cashiers, verifying and balancing receipts, and sending cash, checks, or other forms of payment to banks.",4.61,5,high,"AI systems in 2026 can fully automate the preparation of bank deposits by efficiently compiling, verifying, and balancing financial data with high accuracy."
2501,"Bookkeeping, Accounting, and Auditing Clerks","Calculate and prepare checks for utilities, taxes, and other payments.",4.44,5,high,AI systems in 2026 are capable of independently handling routine financial calculations and payment preparations with high accuracy and efficiency.
2505,"Bookkeeping, Accounting, and Auditing Clerks",Monitor status of loans and accounts to ensure that payments are up to date.,4.4,5,high,"AI systems in 2026 can fully automate the monitoring of loans and accounts, ensuring payments are up to date through advanced data processing and real-time analytics."
2503,"Bookkeeping, Accounting, and Auditing Clerks",Reconcile records of bank transactions.,4.38,5,high,AI systems in 2026 are highly capable of independently reconciling bank transaction records due to advanced data processing and pattern recognition capabilities.
2507,"Bookkeeping, Accounting, and Auditing Clerks","Compile budget data and documents, based on estimated revenues and expenses and previous budgets.",4.33,4,high,"AI can efficiently compile budget data using historical data and predictive analytics, with human oversight for final validation."
2502,"Bookkeeping, Accounting, and Auditing Clerks",Compare computer printouts to manually maintained journals to determine if they match.,4.23,5,high,AI systems in 2026 are fully capable of independently comparing digital and manual records for discrepancies with high accuracy.
2506,"Bookkeeping, Accounting, and Auditing Clerks",Transfer details from separate journals to general ledgers or data processing sheets.,4.2,5,high,AI systems in 2026 are fully capable of independently transferring data from journals to ledgers with high accuracy and efficiency.
2510,"Bookkeeping, Accounting, and Auditing Clerks","Complete and submit tax forms and returns, workers' compensation forms, pension contribution forms, and other government documents.",4.17,4,high,"AI systems in 2026 are highly capable of handling structured data and regulatory compliance tasks, allowing them to complete most of the work involved in preparing and submitting standardized government forms, with humans primarily needed for oversight."
2491,"Bookkeeping, Accounting, and Auditing Clerks","Calculate, prepare, and issue bills, invoices, account statements, and other financial statements according to established procedures.",4.16,5,high,AI systems in 2026 are capable of independently handling routine financial calculations and document preparation with high accuracy and efficiency.
2508,"Bookkeeping, Accounting, and Auditing Clerks","Calculate costs of materials, overhead, and other expenses, based on estimates, quotations and price lists.",4.14,5,high,"AI systems in 2026 are capable of independently processing and analyzing financial data to calculate costs using estimates, quotations, and price lists with high accuracy."
2514,"Bookkeeping, Accounting, and Auditing Clerks",Prepare purchase orders and expense reports.,4.11,5,high,AI systems in 2026 are capable of independently handling the structured and rule-based nature of preparing purchase orders and expense reports.
2504,"Bookkeeping, Accounting, and Auditing Clerks",Prepare trial balances of books.,4.08,5,high,AI systems in 2026 are capable of independently preparing trial balances by processing financial data with high accuracy and consistency.
2492,"Bookkeeping, Accounting, and Auditing Clerks","Compile statistical, financial, accounting, or auditing reports and tables pertaining to such matters as cash receipts, expenditures, accounts payable and receivable, and profits and losses.",3.97,4,high,AI systems in 2026 are highly capable of compiling financial reports and tables due to advancements in data processing and natural language generation.
2511,"Bookkeeping, Accounting, and Auditing Clerks",Maintain inventory records.,3.57,5,high,AI systems in 2026 can fully automate inventory record maintenance through advanced data processing and integration capabilities.
