O*NET-SOC Code,Occupation,Task ID,Task,importance,gpt_score,gpt_confidence,gpt_reasoning,gpt_key_factor
11-3031.00,Financial Managers,21311,Establish and maintain relationships with individual or business customers or provide assistance with problems these customers may encounter.,4.3,1,high,Establishing and maintaining relationships requires interpersonal trust and nuanced understanding of client needs that AI cannot replicate.,Interpersonal trust
11-3031.00,Financial Managers,21319,Oversee the flow of cash or financial instruments.,4.2,3,medium,"While AI can automate routine monitoring and reporting of cash flows, human judgment is still essential for strategic decision-making and handling exceptions.",Need for human judgment in complex financial scenarios.
11-3031.00,Financial Managers,21312,"Plan, direct, or coordinate the activities of workers in branches, offices, or departments of establishments, such as branch banks, brokerage firms, risk and insurance departments, or credit departments.",4.13,3,medium,"While AI can assist in data analysis and routine decision-making, the need for human judgment in complex financial scenarios and interpersonal coordination remains significant.",The necessity for ethical judgment and interpersonal trust in managing teams and client relationships.
11-3031.00,Financial Managers,21313,Recruit staff members.,3.78,2,medium,"While AI can assist in identifying candidates and scheduling interviews, the core aspects of recruitment, such as building interpersonal trust and making ethical judgments, still require human involvement.",Interpersonal trust and ethical judgment
11-3031.00,Financial Managers,21315,Evaluate data pertaining to costs to plan budgets.,3.61,3,medium,"AI can handle routine data analysis and budgeting tasks, but human judgment is essential for strategic decision-making and context interpretation.",Need for human judgment in complex financial scenarios.
11-3031.00,Financial Managers,21316,Oversee training programs.,3.47,2,medium,"While AI can assist in developing training programs and analyzing data, the oversight and interpersonal trust required in training management still necessitate human involvement.",Interpersonal trust and ethical judgment in training oversight.
11-3031.00,Financial Managers,21327,"Establish procedures for custody or control of assets, records, loan collateral, or securities to ensure safekeeping.",4.38,3,medium,"While AI can assist in establishing procedures and managing routine aspects of asset custody, human judgment is essential for addressing exceptions and ensuring compliance with ethical standards.",Need for human judgment in complex scenarios.
11-3031.00,Financial Managers,21322,Communicate with stockholders or other investors to provide information or to raise capital.,4.24,2,medium,"While AI can assist in generating reports and analyzing data, the nuanced communication and relationship-building required to engage stockholders effectively still necessitates human involvement.",Interpersonal trust and relationship management
11-3031.00,Financial Managers,21321,Develop or analyze information to assess the current or future financial status of firms.,4.14,3,medium,"While AI can handle routine data analysis and reporting, human judgment is essential for interpreting complex financial scenarios and making strategic decisions.",Need for human judgment in complex financial assessments
11-3031.00,Financial Managers,21318,"Approve, reject, or coordinate the approval or rejection of lines of credit or commercial, real estate, or personal loans.",4.09,3,medium,"While AI can handle routine assessments and data analysis for credit approvals, human judgment is still essential for nuanced decision-making and understanding complex financial situations.",The need for ethical judgment and understanding of unique client circumstances.
11-3031.00,Financial Managers,21320,"Prepare financial or regulatory reports required by laws, regulations, or boards of directors.",4.04,3,medium,"AI can automate data collection and routine analysis for financial reports, but human oversight is necessary for judgment and compliance with complex regulations.",Complexity of regulatory requirements
11-3031.00,Financial Managers,21317,"Examine, evaluate, or process loan applications.",3.98,3,medium,"While AI can handle routine data processing and initial evaluations of loan applications, human judgment is essential for assessing complex financial situations and making ethical decisions.",The need for nuanced judgment and ethical considerations in financial decision-making.
11-3031.00,Financial Managers,21323,"Evaluate financial reporting systems, accounting or collection procedures, or investment activities and make recommendations for changes to procedures, operating systems, budgets, or other financial control functions.",3.82,3,medium,"While AI can analyze data and identify patterns in financial reporting systems, the nuanced judgment and ethical considerations involved in making recommendations still require human oversight.",Need for ethical judgment and contextual understanding.
11-3031.00,Financial Managers,21325,Network within communities to find and attract new business.,3.76,2,medium,"While AI can assist in identifying potential leads and analyzing data, the interpersonal trust and relationship-building required for networking are inherently human skills.",Interpersonal trust
11-3031.00,Financial Managers,21314,Prepare operational or risk reports for management analysis.,3.65,3,medium,"AI can automate data collection and routine analysis, but human judgment is essential for interpreting results and making strategic decisions.",Need for human judgment and contextual understanding.
11-3031.00,Financial Managers,21326,Review collection reports to determine the status of collections and the amounts of outstanding balances.,3.61,3,medium,"While AI can automate the routine analysis of collection reports, human judgment is still needed to interpret the data and make strategic decisions based on the findings.",Need for human judgment in financial decision-making.
11-3031.00,Financial Managers,21329,Review reports of securities transactions or price lists to analyze market conditions.,3.18,3,medium,"While AI can analyze data and identify trends in securities transactions, human judgment is still necessary for interpreting complex market conditions and making strategic decisions.",The need for nuanced judgment and contextual understanding in financial analysis.
11-3031.01,Treasurers and Controllers,8870,Evaluate needs for procurement of funds and investment of surpluses and make appropriate recommendations.,4.52,3,medium,"AI can analyze financial data and trends to assist in evaluating needs and making recommendations, but human judgment is crucial for interpreting complex situations and ethical considerations.",The need for ethical judgment and contextual understanding in financial decision-making.
11-3031.01,Treasurers and Controllers,8858,"Delegate authority for the receipt, disbursement, banking, protection, and custody of funds, securities, and financial instruments.",4.48,3,medium,"While AI can assist in monitoring and managing financial transactions, the final authority and judgment regarding the delegation of funds still require human oversight and ethical considerations.",Need for human judgment and ethical considerations in financial decision-making.
11-3031.01,Treasurers and Controllers,8864,"Develop and maintain relationships with banking, insurance, and external accounting personnel to facilitate financial activities.",4.44,1,high,This task requires interpersonal trust and relationship-building that AI cannot replicate effectively.,Interpersonal trust
11-3031.01,Treasurers and Controllers,20168,"Monitor financial activities and details, such as cash flow and reserve levels, to ensure that all legal and regulatory requirements are met.",4.4,4,medium,"AI can automate most monitoring tasks and compliance checks, but human oversight is still needed for complex decision-making and ethical considerations.",Need for human judgment in complex regulatory environments
11-3031.01,Treasurers and Controllers,8861,"Receive, record, and authorize requests for disbursements in accordance with company policies and procedures.",4.33,4,medium,"AI can handle most of the routine aspects of processing disbursement requests, but human oversight is still necessary for complex decisions and exceptions.",Need for human judgment in exceptional cases.
11-3031.01,Treasurers and Controllers,8866,"Develop internal control policies, guidelines, and procedures for activities, such as budget administration, cash and credit management, and accounting.",4.25,3,medium,"While AI can assist in drafting and analyzing control policies, the nuanced understanding of organizational culture and ethical considerations requires human judgment.",Need for ethical judgment and contextual understanding
11-3031.01,Treasurers and Controllers,8865,"Coordinate and direct the financial planning, budgeting, procurement, or investment activities of all or part of an organization.",4.22,3,medium,"While AI can automate routine financial analysis and reporting tasks, human judgment is still essential for strategic decision-making and ethical considerations in financial planning and budgeting.",The need for human judgment and ethical considerations in financial decision-making.
11-3031.01,Treasurers and Controllers,8872,Receive cash and checks and make deposits.,4.2,4,medium,"While AI can automate the majority of the deposit process, human oversight is still necessary for handling exceptions and ensuring compliance with financial regulations.",Regulatory compliance and exception handling
11-3031.01,Treasurers and Controllers,8856,"Prepare or direct preparation of financial statements, business activity reports, financial position forecasts, annual budgets, or reports required by regulatory agencies.",4.14,3,medium,"While AI can automate routine data processing and report generation, human oversight is essential for judgment and compliance with regulatory standards.",Need for ethical judgment and regulatory compliance
11-3031.01,Treasurers and Controllers,8863,"Monitor and evaluate the performance of accounting and other financial staff, recommending and implementing personnel actions, such as promotions and dismissals.",4.09,2,medium,"While AI can assist in monitoring performance metrics, the nuanced judgment required for personnel actions relies heavily on interpersonal trust and ethical considerations that are difficult to automate.",Interpersonal trust and ethical judgment
11-3031.01,Treasurers and Controllers,8867,"Analyze the financial details of past, present, and expected operations to identify development opportunities and areas where improvement is needed.",4.08,3,medium,"While AI can analyze financial data and identify trends, human judgment is essential for interpreting results and making strategic decisions.",The need for ethical judgment and contextual understanding in financial decision-making.
11-3031.01,Treasurers and Controllers,8860,Conduct or coordinate audits of company accounts and financial transactions to ensure compliance with state and federal requirements and statutes.,4.06,3,medium,"While AI can automate routine data analysis and compliance checks, human judgment is essential for interpreting complex regulations and handling exceptions.",Need for ethical judgment and nuanced understanding of regulations
11-3031.01,Treasurers and Controllers,8868,"Advise management on short-term and long-term financial objectives, policies, and actions.",4.0,2,medium,"While AI can assist in data analysis and provide insights, the task requires human judgment and interpersonal trust to effectively advise management on financial objectives and policies.",Interpersonal trust and ethical judgment
11-3031.01,Treasurers and Controllers,8859,"Maintain current knowledge of organizational policies and procedures, federal and state policies and directives, and current accounting standards.",4.0,3,medium,"AI can assist in tracking and updating policies and standards, but human judgment is necessary for interpretation and application to specific organizational contexts.",Need for human judgment in policy application
11-3031.01,Treasurers and Controllers,8869,Provide direction and assistance to other organizational units regarding accounting and budgeting policies and procedures and efficient control and utilization of financial resources.,3.9,3,medium,"While AI can assist in providing data-driven insights and automating routine financial tasks, the nuanced understanding of organizational context and interpersonal communication required for effective direction and assistance remains a human-centric task.",Interpersonal trust and contextual understanding
11-3031.01,Treasurers and Controllers,8871,Lead staff training and development in budgeting and financial management areas.,3.71,2,medium,"While AI can assist in providing training materials and resources, the interpersonal trust and tailored guidance required for effective staff development still necessitate human involvement.",Interpersonal trust and tailored guidance
11-3031.01,Treasurers and Controllers,8855,Prepare and file annual tax returns or prepare financial information so that outside accountants can complete tax returns.,4.45,4,medium,"AI can automate most of the data gathering and preparation for tax returns, but human oversight is needed for complex judgments and compliance nuances.",Complexity of tax regulations and the need for human judgment in unique situations.
11-3031.01,Treasurers and Controllers,8857,"Supervise employees performing financial reporting, accounting, billing, collections, payroll, and budgeting duties.",4.33,3,medium,"While AI can automate many routine financial tasks, the supervision and judgment required in overseeing employees and ensuring compliance still necessitate human involvement.",The need for interpersonal trust and ethical judgment in financial oversight.
11-3031.01,Treasurers and Controllers,8874,Perform tax planning work.,4.14,3,medium,"AI can handle routine data analysis and calculations in tax planning, but human judgment is essential for complex scenarios and ethical considerations.",Need for human judgment in complex tax situations.
11-3031.01,Treasurers and Controllers,8873,"Compute, withhold, and account for all payroll deductions.",4.0,4,high,"AI can automate the majority of payroll deduction calculations and accounting processes, with human oversight required for compliance and exceptions.",Regulatory compliance and exception handling
11-3031.01,Treasurers and Controllers,20169,"Handle all aspects of employee insurance, benefits, and casualty programs, including monitoring changes in health insurance regulations and creating budgets for benefits and worker's compensation.",3.75,3,medium,"While AI can automate routine tasks like monitoring regulations and data entry, human judgment is essential for complex decision-making and ethical considerations in employee benefits.",The need for ethical judgment and personalized decision-making in employee benefits.
11-3031.01,Treasurers and Controllers,8875,"Determine depreciation rates to apply to capitalized items and advise management on actions regarding the purchase, lease, or disposal of such items.",3.0,3,medium,"AI can analyze data and suggest depreciation rates, but human judgment is needed for context and strategic advice on asset management decisions.",Need for ethical judgment and contextual understanding in financial decision-making.
13-1111.00,Management Analysts,7276,Gather and organize information on problems or procedures.,4.48,3,medium,"AI can automate the routine aspects of gathering and organizing information, but human judgment is needed for interpreting complex problems and procedures.",Need for human judgment in complex scenarios
13-1111.00,Management Analysts,7278,Confer with personnel concerned to ensure successful functioning of newly implemented systems or procedures.,4.48,3,medium,"While AI can assist in analyzing data and providing insights, the task requires human judgment and interpersonal skills to effectively confer with personnel and ensure successful implementation.",Interpersonal trust and judgment in communication.
13-1111.00,Management Analysts,7277,Analyze data gathered and develop solutions or alternative methods of proceeding.,4.45,3,medium,"While AI can handle data analysis and suggest solutions, human judgment is essential for interpreting results and considering organizational context.",The need for human judgment and contextual understanding in decision-making.
13-1111.00,Management Analysts,7282,"Document findings of study and prepare recommendations for implementation of new systems, procedures, or organizational changes.",4.24,3,medium,"While AI can assist in documenting findings and generating recommendations, the nuanced understanding of organizational dynamics and the need for ethical judgment still require human oversight.",Interpersonal trust and contextual understanding
13-1111.00,Management Analysts,7285,"Plan study of work problems and procedures, such as organizational change, communications, information flow, integrated production methods, inventory control, or cost analysis.",4.1,3,medium,"While AI can assist in data analysis and routine tasks, human judgment is essential for understanding complex organizational dynamics and implementing changes effectively.",Need for human judgment in complex decision-making
13-1111.00,Management Analysts,7281,"Interview personnel and conduct on-site observation to ascertain unit functions, work performed, and methods, equipment, and personnel used.",4.1,2,medium,"While AI can assist in data collection and analysis, the interpersonal trust and nuanced understanding required for effective interviews and observations necessitate human involvement.",Interpersonal trust and nuanced understanding
13-1111.00,Management Analysts,7283,"Prepare manuals and train workers in use of new forms, reports, procedures or equipment, according to organizational policy.",3.84,3,medium,"While AI can assist in creating manuals and training materials, the need for human judgment and adaptation to specific organizational contexts remains significant.",The requirement for tailored content and interpersonal interaction in training.
13-1111.00,Management Analysts,7280,"Review forms and reports and confer with management and users about format, distribution, and purpose, identifying problems and improvements.",3.74,3,medium,"While AI can assist in reviewing forms and reports and identifying issues, the need for human judgment in conferring with management and users about improvements remains significant.",The necessity of interpersonal communication and contextual understanding.
13-1111.00,Management Analysts,7279,"Develop and implement records management program for filing, protection, and retrieval of records, and assure compliance with program.",3.61,3,medium,"AI can automate routine aspects of records management and compliance checks, but human judgment is needed for complex decision-making and ensuring ethical considerations are met.",Complexity of compliance and ethical judgment
13-1111.00,Management Analysts,7284,"Design, evaluate, recommend, and approve changes of forms and reports.",3.21,3,medium,"AI can handle routine data analysis and report generation, but human judgment is essential for evaluating and recommending changes based on context and organizational needs.",Need for human judgment and contextual understanding.
13-1111.00,Management Analysts,7286,Recommend purchase of storage equipment and design area layout to locate equipment in space available.,3.21,3,medium,"AI can assist in analyzing data and generating layout options, but human judgment is needed for final recommendations and to consider unique contextual factors.",Need for human judgment and contextual understanding.
13-2011.00,Accountants and Auditors,21505,Prepare detailed reports on audit findings.,4.58,3,medium,"While AI can automate the routine data analysis and report generation, human judgment is essential for interpreting findings and making ethical decisions.",Need for human judgment and ethical considerations
13-2011.00,Accountants and Auditors,21506,"Report to management about asset utilization and audit results, and recommend changes in operations and financial activities.",4.55,3,medium,"While AI can analyze data and generate reports, the nuanced judgment and recommendations based on context and interpersonal communication still require human input.",Need for ethical judgment and contextual understanding.
13-2011.00,Accountants and Auditors,21507,"Collect and analyze data to detect deficient controls, duplicated effort, extravagance, fraud, or non-compliance with laws, regulations, and management policies.",4.5,3,medium,"AI can automate data collection and routine analysis, but human judgment is essential for interpreting results and making ethical decisions.",Need for human judgment and ethical considerations
13-2011.00,Accountants and Auditors,21508,"Inspect account books and accounting systems for efficiency, effectiveness, and use of accepted accounting procedures to record transactions.",4.5,3,medium,"While AI can automate routine inspections and data analysis, human judgment is still needed for complex evaluations and ethical considerations in accounting practices.",Need for human judgment in complex scenarios
13-2011.00,Accountants and Auditors,21509,"Supervise auditing of establishments, and determine scope of investigation required.",4.5,3,medium,"While AI can handle routine auditing tasks and data analysis, human judgment is essential for determining the scope of investigations and interpreting complex financial situations.",The need for ethical judgment and contextual understanding in auditing.
13-2011.00,Accountants and Auditors,21510,Confer with company officials about financial and regulatory matters.,4.3,2,medium,"While AI can assist in providing data and insights, the task requires interpersonal trust and nuanced understanding of company-specific contexts that AI cannot fully replicate.",Interpersonal trust and contextual understanding
13-2011.00,Accountants and Auditors,21511,"Examine and evaluate financial and information systems, recommending controls to ensure system reliability and data integrity.",4.3,3,medium,"While AI can automate routine evaluations and data checks, human judgment is essential for interpreting complex financial scenarios and recommending controls.",Need for ethical judgment and contextual understanding in financial systems.
13-2011.00,Accountants and Auditors,21512,"Inspect cash on hand, notes receivable and payable, negotiable securities, and canceled checks to confirm records are accurate.",4.25,3,medium,"AI can automate routine verification tasks and data analysis, but human judgment is needed for exceptions and complex scenarios.",Need for human judgment in complex financial situations.
13-2011.00,Accountants and Auditors,21513,Examine records and interview workers to ensure recording of transactions and compliance with laws and regulations.,4.24,3,medium,"While AI can automate routine record examination and compliance checks, human judgment is essential for interpreting complex regulations and conducting effective interviews.",Need for ethical judgment and interpersonal trust in interviews.
13-2011.00,Accountants and Auditors,21514,"Prepare, examine, or analyze accounting records, financial statements, or other financial reports to assess accuracy, completeness, and conformance to reporting and procedural standards.",4.24,3,medium,"While AI can automate routine data entry and analysis, human judgment is still essential for interpreting complex financial situations and ensuring compliance with ethical standards.",Need for human judgment and ethical considerations
13-2011.00,Accountants and Auditors,21515,Prepare adjusting journal entries.,4.23,4,high,"AI can handle the majority of data processing and calculations involved in preparing adjusting journal entries, with humans primarily reviewing and ensuring compliance with regulations.",Complexity of regulations and need for oversight.
13-2011.00,Accountants and Auditors,21516,Review accounts for discrepancies and reconcile differences.,4.23,4,medium,"AI can handle most of the routine aspects of reviewing accounts and reconciling differences, but human oversight is still necessary for complex judgments and exceptions.",Complexity of exceptions requiring human judgment.
13-2011.00,Accountants and Auditors,21517,Establish tables of accounts and assign entries to proper accounts.,4.14,4,high,"AI can efficiently handle the routine aspects of establishing tables of accounts and assigning entries, with human oversight for complex or unusual cases.",Complexity of exceptions and regulatory compliance.
13-2011.00,Accountants and Auditors,21518,Examine inventory to verify journal and ledger entries.,4.14,4,high,"AI can efficiently analyze inventory data and verify journal and ledger entries, with human oversight for complex discrepancies.",AI's ability to process large datasets quickly and accurately.
13-2011.00,Accountants and Auditors,21519,"Analyze business operations, trends, costs, revenues, financial commitments, and obligations to project future revenues and expenses or to provide advice.",4.03,3,medium,"While AI can handle routine data analysis and trend identification, human judgment is essential for interpreting results and providing tailored advice.",The need for ethical judgment and contextual understanding in financial advice.
13-2011.00,Accountants and Auditors,21520,Report to management regarding the finances of establishment.,4.03,3,medium,"While AI can automate data analysis and generate reports, human judgment is essential for interpreting financial nuances and providing context to management.",Need for human judgment and contextual understanding
13-2011.00,Accountants and Auditors,21521,"Develop, implement, modify, and document recordkeeping and accounting systems, making use of current computer technology.",3.99,4,medium,"While AI can handle most aspects of developing and modifying accounting systems, human oversight is still necessary for complex decision-making and ethical considerations.",Need for human judgment in complex scenarios
13-2011.00,Accountants and Auditors,21522,"Evaluate taxpayer finances to determine tax liability, using knowledge of interest and discount rates, annuities, valuation of stocks and bonds, and amortization valuation of depletable assets.",3.82,3,medium,"While AI can handle routine calculations and data analysis, human judgment is still necessary for complex financial evaluations and ethical considerations.",Need for human judgment in complex financial scenarios
13-2011.00,Accountants and Auditors,21523,"Examine whether the organization's objectives are reflected in its management activities, and whether employees understand the objectives.",3.69,3,medium,"While AI can analyze data and provide insights on organizational objectives, human judgment is essential for interpreting these insights and ensuring alignment with employee understanding.",Need for human judgment and contextual understanding.
13-2011.00,Accountants and Auditors,21524,"Audit payroll and personnel records to determine unemployment insurance premiums, workers' compensation coverage, liabilities, and compliance with tax laws.",3.47,3,medium,"AI can automate routine data analysis and compliance checks, but human judgment is necessary for interpreting complex regulations and exceptions.",Complexity of regulations and need for ethical judgment.
13-2011.00,Accountants and Auditors,21525,"Review taxpayer accounts, and conduct audits on-site, by correspondence, or by summoning taxpayer to office.",4.22,3,medium,"While AI can automate many routine aspects of reviewing accounts and conducting audits, human judgment is still essential for complex cases and ethical considerations.",Need for human judgment in complex scenarios
13-2011.00,Accountants and Auditors,21526,"Compute taxes owed and prepare tax returns, ensuring compliance with payment, reporting, or other tax requirements.",4.14,4,high,"AI can efficiently compute taxes owed and prepare tax returns by leveraging advanced algorithms and data processing capabilities, while humans primarily oversee compliance and handle complex cases.",Complexity of tax regulations and individual circumstances
13-2011.00,Accountants and Auditors,21527,"Advise clients in areas such as compensation, employee health care benefits, the design of accounting or data processing systems, or long-range tax or estate plans.",4.11,2,medium,"While AI can assist in data analysis and provide insights, the nuanced understanding of client needs and ethical considerations in advising requires human judgment and interpersonal skills.",Interpersonal trust and ethical judgment
13-2011.00,Accountants and Auditors,21529,"Direct activities of personnel engaged in filing, recording, compiling, and transmitting financial records.",3.8,3,medium,"While AI can automate many routine aspects of financial record management, human oversight is necessary for judgment and handling exceptions.",Need for human judgment in complex financial scenarios.
13-2011.00,Accountants and Auditors,21530,Conduct pre-implementation audits to determine if systems and programs under development will work as planned.,3.69,3,medium,"AI can handle routine audit tasks and data analysis, but human judgment is necessary for interpreting results and making decisions based on complex scenarios.",Need for human judgment in assessing system effectiveness and compliance.
13-2011.00,Accountants and Auditors,21531,"Develop, maintain, or analyze budgets, preparing periodic reports that compare budgeted costs to actual costs.",,4,medium,"AI can automate much of the data analysis and reporting processes, but human oversight is still needed for complex judgment and ethical considerations.",Need for human judgment in interpreting financial data and making strategic decisions.
13-2011.00,Accountants and Auditors,21532,"Prepare, analyze, or verify annual reports, financial statements, and other records, using accepted accounting and statistical procedures to assess financial condition and facilitate financial planning.",,3,medium,"While AI can automate routine data processing and analysis, human judgment is still essential for interpreting complex financial situations and ensuring compliance with regulations.",Need for human judgment and ethical considerations in financial reporting.
13-2011.00,Accountants and Auditors,21533,Process invoices for payment.,,4,high,"AI can handle the majority of invoice processing tasks, including data extraction and validation, with minimal human oversight required for exceptions and reviews.",Complexity of exceptions and need for human oversight in unusual cases.
13-2011.00,Accountants and Auditors,21534,"Review data about material assets, net worth, liabilities, capital stock, surplus, income, or expenditures.",,4,high,"AI can efficiently analyze and review large datasets related to financial information, while human oversight is needed for complex judgments and exceptions.",Complexity of financial regulations and ethical considerations.
13-2031.00,Budget Analysts,3394,Analyze monthly department budgeting and accounting reports to maintain expenditure controls.,4.37,3,medium,"AI can automate routine data analysis and reporting tasks, but human judgment is needed for interpreting results and making strategic decisions.",The need for human judgment in financial decision-making.
13-2031.00,Budget Analysts,3398,"Provide advice and technical assistance with cost analysis, fiscal allocation, and budget preparation.",4.35,3,medium,"While AI can handle routine data analysis and budget preparation tasks, human judgment is essential for providing tailored advice and navigating complex fiscal scenarios.",The need for nuanced understanding and ethical considerations in budgetary decisions.
13-2031.00,Budget Analysts,3401,Review operating budgets to analyze trends affecting budget needs.,4.15,3,medium,"AI can analyze trends and handle routine data processing, but human judgment is necessary for interpreting complex financial contexts and making strategic decisions.",Need for human judgment in complex financial analysis
13-2031.00,Budget Analysts,3405,Compile and analyze accounting records and other data to determine the financial resources required to implement a program.,4.12,3,medium,"AI can automate routine data compilation and analysis, but human judgment is needed for interpreting results and making strategic decisions.",Need for human judgment in financial decision-making.
13-2031.00,Budget Analysts,3402,"Examine budget estimates for completeness, accuracy, and conformance with procedures and regulations.",4.08,3,medium,"While AI can handle routine data analysis and flag discrepancies, human judgment is essential for interpreting complex regulations and making nuanced decisions.",Need for ethical judgment and contextual understanding.
13-2031.00,Budget Analysts,3399,Summarize budgets and submit recommendations for the approval or disapproval of funds requests.,4.07,3,medium,"AI can automate the routine analysis and summarization of budgets, but human judgment is necessary for nuanced recommendations and understanding of context.",Need for ethical judgment and contextual understanding in financial decision-making.
13-2031.00,Budget Analysts,3396,Consult with managers to ensure that budget adjustments are made in accordance with program changes.,4.06,3,medium,"While AI can assist in analyzing budget data and suggesting adjustments, the need for interpersonal communication and understanding of program nuances requires human judgment.",Interpersonal communication and contextual understanding
13-2031.00,Budget Analysts,3395,Direct the preparation of regular and special budget reports.,4.02,3,medium,"While AI can automate data collection and routine analysis for budget reports, human judgment is essential for interpreting results and making strategic decisions.",The need for human judgment in financial decision-making.
13-2031.00,Budget Analysts,3404,Interpret budget directives and establish policies for carrying out directives.,4.0,3,medium,"While AI can assist in analyzing data and generating reports, the interpretation of budget directives and the establishment of policies require human judgment and contextual understanding.",The need for ethical judgment and contextual interpretation.
13-2031.00,Budget Analysts,3403,"Perform cost-benefit analyses to compare operating programs, review financial requests, or explore alternative financing methods.",3.7,3,medium,"While AI can handle routine data analysis and calculations, human judgment is essential for interpreting results and making nuanced decisions based on context and ethical considerations.",Need for human judgment and contextual understanding
13-2031.00,Budget Analysts,3397,"Match appropriations for specific programs with appropriations for broader programs, including items for emergency funds.",3.49,3,medium,"AI can handle routine data matching and analysis, but human judgment is needed for context and exceptions, especially in emergency fund allocations.",Need for human judgment in complex financial scenarios.
13-2031.00,Budget Analysts,3400,Seek new ways to improve efficiency and increase profits.,3.36,3,medium,"While AI can analyze data and suggest efficiency improvements, the nuanced understanding of organizational dynamics and ethical considerations still requires human judgment.",Need for human judgment in complex decision-making.
13-2031.00,Budget Analysts,3406,"Testify before examining and fund-granting authorities, clarifying and promoting the proposed budgets.",3.81,1,high,"Testifying before authorities requires interpersonal trust, ethical judgment, and the ability to navigate complex human interactions, which are difficult for AI to replicate.",Interpersonal trust and ethical judgment
13-2041.00,Credit Analysts,1250,Analyze credit data and financial statements to determine the degree of risk involved in extending credit or lending money.,4.9,3,medium,"AI can handle routine data analysis and pattern recognition in credit data, but human judgment is essential for assessing unique circumstances and making final lending decisions.",The need for nuanced judgment in complex financial situations.
13-2041.00,Credit Analysts,1254,"Complete loan applications, including credit analyses and summaries of loan requests, and submit to loan committees for approval.",4.76,3,medium,"AI can automate routine data analysis and summarization tasks, but human judgment is still needed for nuanced credit decisions and understanding complex borrower situations.",Need for human judgment in complex financial assessments.
13-2041.00,Credit Analysts,1255,"Generate financial ratios, using computer programs, to evaluate customers' financial status.",4.55,4,high,"AI can efficiently generate financial ratios and analyze data, but human oversight is needed for nuanced judgment and context interpretation.",Complexity of financial context and need for human judgment.
13-2041.00,Credit Analysts,1251,Prepare reports that include the degree of risk involved in extending credit or lending money.,4.55,3,medium,"AI can automate data analysis and routine reporting, but human judgment is essential for assessing unique risk factors and making final decisions.",Need for human judgment in risk assessment
13-2041.00,Credit Analysts,1259,"Analyze financial data, such as income growth, quality of management, and market share to determine expected profitability of loans.",4.53,3,medium,"While AI can handle routine data analysis and pattern recognition, human judgment is still essential for assessing qualitative factors like management quality and ethical considerations in lending decisions.",The need for nuanced judgment and ethical considerations in financial decision-making.
13-2041.00,Credit Analysts,1257,"Compare liquidity, profitability, and credit histories of establishments being evaluated with those of similar establishments in the same industries and geographic locations.",4.25,3,medium,"AI can handle the routine data comparison and analysis, but human judgment is needed for nuanced evaluations and context-specific insights.",The need for contextual understanding and industry-specific knowledge.
13-2041.00,Credit Analysts,1258,Consult with customers to resolve complaints and verify financial and credit transactions.,3.07,3,medium,"While AI can assist in analyzing data and providing insights, the need for interpersonal communication and nuanced judgment in resolving complaints requires human involvement.",Interpersonal trust and ethical judgment in customer interactions.
13-2041.00,Credit Analysts,21164,Contact customers to collect payments on delinquent accounts.,4.0,3,medium,"While AI can automate routine communication and payment reminders, human judgment is often needed to handle complex customer interactions and negotiate payment plans.",Interpersonal trust and negotiation skills.
13-2041.00,Credit Analysts,1252,"Evaluate customer records and recommend payment plans, based on earnings, savings data, payment history, and purchase activity.",3.69,3,medium,"AI can analyze customer records and suggest payment plans, but human judgment is needed for nuanced decision-making and exceptions.",Need for ethical judgment and understanding of individual circumstances.
13-2041.00,Credit Analysts,1256,Review individual or commercial customer files to identify and select delinquent accounts for collection.,3.31,3,medium,"AI can automate the routine analysis of customer files and flag delinquent accounts, but human judgment is needed for nuanced decision-making and ethical considerations.",Need for ethical judgment and contextual understanding.
13-2041.00,Credit Analysts,1253,Confer with credit association and other business representatives to exchange credit information.,3.08,2,medium,"While AI can assist in gathering and analyzing credit information, the task requires interpersonal trust and nuanced communication that is difficult to fully automate.",Interpersonal trust and nuanced communication
13-2051.00,Financial and Investment Analysts,21579,"Advise clients on aspects of capitalization, such as amounts, sources, or timing.",,3,medium,"While AI can analyze data and provide insights on capitalization, the nuanced understanding of client needs and the ethical implications of financial advice still require human judgment.",Interpersonal trust and ethical judgment
13-2051.00,Financial and Investment Analysts,21580,Analyze financial or operational performance of companies facing financial difficulties to identify or recommend remedies.,,3,medium,"While AI can analyze data and identify patterns in financial performance, human judgment is essential for understanding context and making nuanced recommendations.",The need for ethical judgment and contextual understanding in financial decision-making.
13-2051.00,Financial and Investment Analysts,21581,Assess companies as investments for clients by examining company facilities.,,3,medium,"While AI can analyze data and assess facilities, human judgment is crucial for interpreting qualitative factors and making investment decisions.",The need for nuanced judgment and understanding of context.
13-2051.00,Financial and Investment Analysts,21582,"Collaborate on projects with other professionals, such as lawyers, accountants, or public relations experts.",,2,medium,"While AI can assist in data analysis and provide insights, the collaborative nature of the task requires human interaction and trust-building.",Interpersonal trust and collaboration
13-2051.00,Financial and Investment Analysts,21583,Collaborate with investment bankers to attract new corporate clients.,,2,medium,"While AI can assist in data analysis and client insights, the task requires interpersonal trust and relationship-building that AI cannot fully replicate.",Interpersonal trust and relationship-building
13-2051.00,Financial and Investment Analysts,21584,Conduct financial analyses related to investments in green construction or green retrofitting projects.,,3,medium,"AI can automate routine data analysis and reporting tasks, but human judgment is essential for interpreting results and making investment decisions in the context of green projects.",Need for ethical judgment and contextual understanding in investment decisions.
13-2051.00,Financial and Investment Analysts,21585,"Confer with clients to restructure debt, refinance debt, or raise new debt.",,2,medium,"While AI can assist in analyzing financial data and suggesting options, the task requires interpersonal trust and nuanced understanding of client needs that AI cannot fully replicate.",Interpersonal trust and ethical judgment
13-2051.00,Financial and Investment Analysts,21586,Create client presentations of plan details.,,3,medium,"While AI can generate data-driven content and visuals for presentations, human analysts are needed for nuanced judgment and tailoring the message to client needs.",The need for personalized communication and understanding of client-specific contexts.
13-2051.00,Financial and Investment Analysts,21587,Determine the prices at which securities should be syndicated and offered to the public.,,3,medium,"While AI can analyze market data and suggest pricing, human judgment is essential for considering market conditions and investor sentiment.",The need for ethical judgment and understanding of complex market dynamics.
13-2051.00,Financial and Investment Analysts,21588,Develop and maintain client relationships.,,1,high,"Developing and maintaining client relationships requires interpersonal trust and nuanced understanding of human emotions, which are difficult for AI to replicate.",Interpersonal trust
13-2051.00,Financial and Investment Analysts,21589,"Draw charts and graphs, using computer spreadsheets, to illustrate technical reports.",,4,high,"AI can automate the generation of charts and graphs from data inputs, requiring minimal human oversight for quality checks and contextual adjustments.",The ability of AI to process large datasets and visualize them effectively.
13-2051.00,Financial and Investment Analysts,21590,Employ financial models to develop solutions to financial problems or to assess the financial or capital impact of transactions.,,3,medium,"While AI can handle routine data analysis and modeling, human judgment is essential for interpreting results and making strategic decisions.",The need for human judgment in complex financial scenarios.
13-2051.00,Financial and Investment Analysts,21591,Evaluate and compare the relative quality of various securities in a given industry.,,3,medium,"AI can analyze large datasets and identify patterns, but human judgment is essential for nuanced evaluations and understanding market context.",The need for human judgment in interpreting qualitative factors and market sentiment.
13-2051.00,Financial and Investment Analysts,21592,Evaluate capital needs of clients and assess market conditions to inform structuring of financial packages.,,3,medium,"While AI can analyze data and identify trends, human judgment is essential for understanding client needs and making nuanced financial decisions.",The need for ethical judgment and personalized client interaction.
13-2051.00,Financial and Investment Analysts,21593,"Inform investment decisions by analyzing financial information to forecast business, industry, or economic conditions.",,3,medium,"While AI can analyze large datasets and identify trends, human judgment is still crucial for interpreting complex financial scenarios and making nuanced investment decisions.",The need for ethical judgment and contextual understanding in investment analysis.
13-2051.00,Financial and Investment Analysts,21594,"Interpret data on price, yield, stability, future investment-risk trends, economic influences, and other factors affecting investment programs.",,3,medium,"While AI can analyze and interpret large datasets efficiently, human judgment is still crucial for understanding complex market dynamics and making nuanced investment decisions.",The need for human judgment in assessing qualitative factors and market sentiment.
13-2051.00,Financial and Investment Analysts,21595,"Monitor developments in the fields of industrial technology, business, finance, and economic theory.",,3,medium,"While AI can analyze data and identify trends, human analysts are needed for nuanced judgment and contextual understanding of developments.",The need for human judgment in interpreting complex information.
13-2051.00,Financial and Investment Analysts,21596,"Monitor fundamental economic, industrial, and corporate developments by analyzing information from financial publications and services, investment banking firms, government agencies, trade publications, company sources, or personal interviews.",,3,medium,"While AI can analyze large volumes of data and identify trends, human judgment is still essential for interpreting nuanced information and making investment decisions.",The need for human judgment in interpreting complex economic and corporate developments.
13-2051.00,Financial and Investment Analysts,21597,Perform securities valuation or pricing.,,4,medium,"AI can handle most of the data analysis and valuation calculations, but human oversight is needed for nuanced judgment and market context.",Need for human judgment in complex scenarios.
13-2051.00,Financial and Investment Analysts,21598,Prepare all materials for transactions or execution of deals.,,3,medium,"While AI can automate routine data analysis and preparation tasks, human judgment is still essential for complex decision-making and understanding nuanced market conditions.",The need for human judgment in complex financial scenarios.
13-2051.00,Financial and Investment Analysts,21599,"Prepare plans of action for investment, using financial analyses.",,3,medium,"While AI can handle routine financial analyses and data processing, human judgment is essential for interpreting results and making strategic investment decisions.",Need for human judgment and contextual understanding in investment strategies.
13-2051.00,Financial and Investment Analysts,21600,"Present oral or written reports on general economic trends, individual corporations, and entire industries.",,3,medium,"While AI can analyze data and generate reports, the nuanced interpretation and presentation of findings still require human judgment and contextual understanding.",Need for human judgment and contextual interpretation
13-2051.00,Financial and Investment Analysts,21601,Purchase investments for companies in accordance with company policy.,,3,medium,"While AI can analyze data and suggest investments, human judgment is essential for aligning purchases with company policy and ethical considerations.",Need for ethical judgment and alignment with company values
13-2051.00,Financial and Investment Analysts,21602,"Recommend investments and investment timing to companies, investment firm staff, or the public.",,3,medium,"While AI can analyze data and identify trends, the nuanced judgment and interpersonal trust required for investment recommendations still necessitate human involvement.",Interpersonal trust and ethical judgment
13-2051.00,Financial and Investment Analysts,21603,"Specialize in green financial instruments, such as socially responsible mutual funds or exchange-traded funds (ETF) that are comprised of green companies.",,3,medium,"While AI can analyze data and identify trends in green financial instruments, human judgment is essential for assessing ethical implications and making nuanced investment decisions.",Need for ethical judgment and understanding of social impact
13-2051.00,Financial and Investment Analysts,21604,"Supervise, train, or mentor junior team members.",,1,high,"Supervising, training, or mentoring junior team members requires interpersonal trust, emotional intelligence, and nuanced ethical judgment that AI cannot replicate.",Interpersonal trust and emotional intelligence
13-2052.00,Personal Financial Advisors,12907,"Interview clients to determine their current income, expenses, insurance coverage, tax status, financial objectives, risk tolerance, or other information needed to develop a financial plan.",4.65,2,medium,"While AI can assist in gathering and analyzing financial data, the interpersonal trust and nuanced understanding required in client interviews make human involvement essential.",Interpersonal trust
13-2052.00,Personal Financial Advisors,12904,Analyze financial information obtained from clients to determine strategies for meeting clients' financial objectives.,4.62,3,medium,"While AI can analyze financial data and suggest strategies, the nuanced understanding of clients' personal circumstances and emotional factors still requires human judgment.",Interpersonal trust and ethical judgment
13-2052.00,Personal Financial Advisors,12905,Answer clients' questions about the purposes and details of financial plans and strategies.,4.54,3,medium,"While AI can handle routine inquiries and provide information about financial plans, the nuanced understanding of clients' unique situations and the interpersonal trust required for financial advice still necessitate human involvement.",Interpersonal trust and personalized judgment
13-2052.00,Personal Financial Advisors,20183,"Review clients' accounts and plans regularly to determine whether life changes, economic changes, environmental concerns, or financial performance indicate a need for plan reassessment.",4.46,3,medium,"While AI can analyze data and identify trends, the nuanced understanding of clients' personal circumstances and the need for interpersonal trust in financial advising still require human judgment.",Interpersonal trust and ethical judgment
13-2052.00,Personal Financial Advisors,20184,"Manage client portfolios, keeping client plans up-to-date.",4.44,3,medium,"While AI can handle routine portfolio management tasks and data analysis, the need for personalized advice and ethical judgment in client relationships still requires human oversight.",Interpersonal trust and ethical judgment in client relationships.
13-2052.00,Personal Financial Advisors,20182,"Recommend to clients strategies in cash management, insurance coverage, investment planning, or other areas to help them achieve their financial goals.",4.42,3,medium,"While AI can analyze data and suggest strategies, the nuanced understanding of individual client needs and the interpersonal trust required for financial advice still necessitate human involvement.",Interpersonal trust and personalized understanding
13-2052.00,Personal Financial Advisors,20189,"Recommend financial products, such as stocks, bonds, mutual funds, or insurance.",4.21,3,medium,"While AI can analyze data and suggest financial products, the final recommendation requires human judgment and an understanding of individual client needs and circumstances.",Interpersonal trust and personalized advice
13-2052.00,Personal Financial Advisors,12909,"Implement financial planning recommendations, or refer clients to someone who can assist them with plan implementation.",4.19,3,medium,"While AI can assist in generating financial plans and automating routine tasks, the implementation often requires human judgment and interpersonal trust.",Interpersonal trust and ethical judgment
13-2052.00,Personal Financial Advisors,12915,Contact clients periodically to determine any changes in their financial status.,4.12,3,medium,"While AI can automate the scheduling and initial outreach, the nuanced understanding of clients' financial situations and personal relationships still require human judgment and interpersonal skills.",Interpersonal trust and nuanced understanding of client needs.
13-2052.00,Personal Financial Advisors,12913,"Prepare or interpret for clients information, such as investment performance reports, financial document summaries, or income projections.",4.04,3,medium,"AI can automate routine data analysis and report generation, but human advisors are needed for nuanced interpretation and personalized advice.",Interpersonal trust and ethical judgment
13-2052.00,Personal Financial Advisors,20186,Explain to clients the personal financial advisor's responsibilities and the types of services to be provided.,4.0,2,medium,"While AI can assist in providing information about financial services, the task requires interpersonal trust and nuanced understanding of individual client needs that AI cannot fully replicate.",Interpersonal trust and personalized communication.
13-2052.00,Personal Financial Advisors,20187,Investigate available investment opportunities to determine compatibility with client financial plans.,3.96,3,medium,"While AI can analyze investment opportunities and provide data-driven insights, human judgment is essential for aligning these opportunities with individual client financial plans and preferences.",The need for personalized advice and understanding of client-specific contexts.
13-2052.00,Personal Financial Advisors,12914,"Guide clients in the gathering of information, such as bank account records, income tax returns, life and disability insurance records, pension plans, or wills.",3.83,2,medium,"While AI can assist in organizing and analyzing financial documents, the task requires interpersonal trust and nuanced understanding of individual client circumstances that AI cannot fully replicate.",Interpersonal trust and client-specific nuances
13-2052.00,Personal Financial Advisors,20188,Monitor financial market trends to ensure that client plans are responsive.,3.58,3,medium,"While AI can analyze market trends and provide insights, human judgment is essential for tailoring advice to individual client needs and circumstances.",The need for personalized financial advice and understanding of client emotions and goals.
13-2052.00,Personal Financial Advisors,20185,Recruit and maintain client bases.,3.5,2,medium,"While AI can assist in client outreach and data analysis, the core of building interpersonal trust and maintaining client relationships still requires human interaction.",Interpersonal trust and relationship management
13-2052.00,Personal Financial Advisors,12916,"Meet with clients' other advisors, such as attorneys, accountants, trust officers, or investment bankers, to fully understand clients' financial goals and circumstances.",3.4,2,medium,"While AI can assist in gathering and analyzing financial data, the task requires interpersonal trust and nuanced understanding of client relationships that AI cannot fully replicate.",Interpersonal trust and relationship management
13-2052.00,Personal Financial Advisors,12917,Devise debt liquidation plans that include payoff priorities and timelines.,3.35,3,medium,"While AI can analyze financial data and suggest debt liquidation strategies, the need for personalized advice and understanding of individual circumstances requires human judgment.",Interpersonal trust and individual financial context
13-2052.00,Personal Financial Advisors,12918,"Open accounts for clients, and disburse funds from accounts to creditors as agent for clients.",3.85,3,medium,"While AI can automate routine account opening and fund disbursement processes, human oversight is essential for ethical judgment and personalized client interactions.",Interpersonal trust and ethical judgment
13-2052.00,Personal Financial Advisors,19570,"Inform clients about tax benefits, government rebates, or other financial benefits of alternative-fuel vehicle purchases or energy-efficient home construction, improvements, or remodeling.",2.75,3,medium,"While AI can provide information and analyze data regarding tax benefits and rebates, the task requires human judgment to tailor advice to individual client circumstances and build trust.",Interpersonal trust and personalized judgment
13-2052.00,Personal Financial Advisors,19571,"Recommend environmentally responsible investments, such as cleantech, alternative energy, or conservation technologies, companies, or funds.",2.56,3,medium,"While AI can analyze data and suggest environmentally responsible investments, the final recommendation requires human judgment and an understanding of client values and trust.",Interpersonal trust and ethical judgment
13-2052.00,Personal Financial Advisors,12919,"Conduct seminars or workshops on financial planning topics, such as retirement planning, estate planning, or the evaluation of severance packages.",2.07,1,high,"Conducting seminars requires interpersonal trust, creativity in presentation, and ethical judgment that AI cannot replicate.",Interpersonal trust and ethical judgment
13-2054.00,Financial Risk Specialists,21605,"Analyze areas of potential risk to the assets, earning capacity, or success of organizations.",,3,medium,"While AI can handle routine data analysis and identify patterns in risk, human judgment is essential for interpreting complex scenarios and making ethical decisions.",The need for nuanced judgment and ethical considerations in risk assessment.
13-2054.00,Financial Risk Specialists,21606,Analyze new legislation to determine impact on risk exposure.,,3,medium,"While AI can assist in analyzing legislation and identifying potential impacts, human judgment is necessary to interpret nuanced legal language and assess broader implications.",The complexity and variability of legal language and its implications.
13-2054.00,Financial Risk Specialists,21607,"Conduct statistical analyses to quantify risk, using statistical analysis software or econometric models.",,4,medium,"While AI can handle the majority of statistical analyses and data processing, human oversight is still needed for interpreting results and making nuanced risk assessments.",Need for human judgment in complex risk scenarios.
13-2054.00,Financial Risk Specialists,21608,Confer with traders to identify and communicate risks associated with specific trading strategies or positions.,,3,medium,"While AI can analyze data and identify risks, the task requires human judgment and communication skills to effectively confer with traders.",Interpersonal trust and nuanced understanding of trading strategies.
13-2054.00,Financial Risk Specialists,21609,Consult financial literature to ensure use of the latest models or statistical techniques.,,3,medium,"AI can assist in retrieving and analyzing financial literature, but human judgment is necessary to interpret and apply the latest models effectively.",The need for nuanced understanding and contextual application of financial theories.
13-2054.00,Financial Risk Specialists,21610,Contribute to development of risk management systems.,,3,medium,"While AI can automate routine data analysis and risk assessment tasks, human judgment is essential for interpreting complex scenarios and making ethical decisions in risk management.",Need for human judgment and ethical considerations in risk assessment.
13-2054.00,Financial Risk Specialists,21611,Determine potential environmental impacts of new products or processes on long-term growth and profitability.,,3,medium,"While AI can analyze data and identify potential environmental impacts, human judgment is essential for interpreting results and making ethical decisions regarding long-term growth and profitability.",Need for ethical judgment and contextual understanding.
13-2054.00,Financial Risk Specialists,21612,Develop contingency plans to deal with emergencies.,,2,medium,"While AI can assist in data analysis and scenario modeling, the development of contingency plans requires human judgment and an understanding of complex interpersonal dynamics.",Need for ethical judgment and interpersonal trust in decision-making.
13-2054.00,Financial Risk Specialists,21613,Develop or implement risk-assessment models or methodologies.,,3,medium,"While AI can automate routine data analysis and model development, human judgment is essential for interpreting results and adapting methodologies to complex, dynamic financial environments.",Need for human judgment and contextual understanding in risk assessment.
13-2054.00,Financial Risk Specialists,21614,Devise scenario analyses reflecting possible severe market events.,,3,medium,"While AI can assist in generating scenarios and analyzing data, the nuanced judgment and understanding of market dynamics required for severe event analysis still necessitate human oversight.",The need for human judgment in interpreting complex market scenarios.
13-2054.00,Financial Risk Specialists,21615,Devise systems or processes to monitor validity of risk assessments.,,3,medium,"While AI can automate routine monitoring tasks, human judgment is essential for interpreting complex risk assessments and making ethical decisions based on them.",The need for human ethical judgment and contextual understanding in risk assessment.
13-2054.00,Financial Risk Specialists,21616,"Document, and ensure communication of, key risks.",,3,medium,"While AI can assist in documenting and identifying key risks, human judgment is essential for interpreting complex financial scenarios and ensuring effective communication.",The need for nuanced understanding and ethical judgment in risk assessment.
13-2054.00,Financial Risk Specialists,21617,"Draw charts and graphs, using computer spreadsheets, to illustrate technical reports.",,4,medium,"AI can automate the creation of charts and graphs from data inputs, but human oversight is needed for context and interpretation of the results.",Need for human judgment in data interpretation.
13-2054.00,Financial Risk Specialists,21618,Evaluate and compare the relative quality of various securities in a given industry.,,3,medium,"While AI can analyze data and identify patterns in securities, human judgment is essential for nuanced evaluation and contextual understanding of market conditions.",Need for ethical judgment and contextual analysis.
13-2054.00,Financial Risk Specialists,21619,Evaluate the risks and benefits involved in implementing green building technologies.,,3,medium,"While AI can analyze data and identify potential risks and benefits, the nuanced judgment and ethical considerations involved in evaluating green building technologies still require human expertise.",The need for ethical judgment and contextual understanding.
13-2054.00,Financial Risk Specialists,21620,"Evaluate the risks related to green investments, such as renewable energy company stocks.",,3,medium,"While AI can analyze data and identify patterns in green investments, human judgment is essential for assessing ethical implications and market nuances.",Need for ethical judgment and contextual understanding.
13-2054.00,Financial Risk Specialists,21621,Gather risk-related data from internal or external resources.,,4,medium,"AI can automate the data gathering process effectively, but human oversight is needed to ensure accuracy and relevance of the data collected.",Need for contextual understanding and validation of data.
13-2054.00,Financial Risk Specialists,21622,"Identify key risks and mitigating factors of potential investments, such as asset types and values, legal and ownership structures, professional reputations, customer bases, or industry segments.",,3,medium,"While AI can analyze data and identify routine risks, human judgment is essential for interpreting complex scenarios and ethical considerations in financial risk assessment.",Need for human judgment in complex risk evaluation
13-2054.00,Financial Risk Specialists,21623,"Inform financial decisions by analyzing financial information to forecast business, industry, or economic conditions.",,3,medium,"AI can analyze large datasets and identify patterns, but human judgment is essential for interpreting results and making nuanced financial decisions.",The need for human judgment in complex financial scenarios.
13-2054.00,Financial Risk Specialists,21624,"Interpret data on price, yield, stability, future investment-risk trends, economic influences, and other factors affecting investment programs.",,3,medium,"While AI can analyze and interpret large datasets to identify trends, human judgment is essential for understanding context and making nuanced decisions regarding investment risks.","The need for human judgment in complex, uncertain scenarios."
13-2054.00,Financial Risk Specialists,21625,Maintain input or data quality of risk management systems.,,3,medium,"While AI can automate routine data quality checks, human oversight is necessary for complex judgment and exception handling in risk management systems.",The need for human judgment in assessing data quality and context.
13-2054.00,Financial Risk Specialists,21626,"Meet with clients to answer queries on subjects such as risk exposure, market scenarios, or values-at-risk calculations.",,2,medium,"While AI can assist in providing data and analysis, the interpersonal trust and nuanced understanding required for client interactions make human involvement essential.",Interpersonal trust and client relationship management
13-2054.00,Financial Risk Specialists,21627,"Monitor developments in the fields of industrial technology, business, finance, and economic theory.",,3,medium,"While AI can analyze data and identify trends in industrial technology and finance, human judgment is still needed to interpret complex developments and their implications.",The need for nuanced understanding and contextual interpretation.
13-2054.00,Financial Risk Specialists,21628,"Prepare plans of action for investment, using financial analyses.",,3,medium,"While AI can handle routine financial analyses and data processing, human judgment is essential for interpreting results and making nuanced investment decisions.",The need for ethical judgment and contextual understanding in financial decision-making.
13-2054.00,Financial Risk Specialists,21629,"Produce reports or presentations that outline findings, explain risk positions, or recommend changes.",,3,medium,"While AI can automate data analysis and generate reports, human judgment is essential for interpreting complex risk scenarios and making nuanced recommendations.",Need for human judgment in complex risk assessment
13-2054.00,Financial Risk Specialists,21630,Provide statistical modeling advice to other departments.,,3,medium,"While AI can assist in statistical modeling and provide data-driven insights, the nuanced understanding of risk and the need for human judgment in complex scenarios still require human involvement.",The necessity for ethical judgment and contextual understanding in risk assessment.
13-2054.00,Financial Risk Specialists,21631,"Recommend investments and investment timing to companies, investment firm staff, or the public.",,3,medium,"While AI can analyze data and identify trends, the nuanced judgment and interpersonal trust required for investment recommendations still necessitate human involvement.",Need for ethical judgment and trust in financial decision-making.
13-2054.00,Financial Risk Specialists,21632,Recommend ways to control or reduce risk.,,3,medium,"While AI can analyze data and suggest risk control measures, human judgment is essential for understanding context and making nuanced decisions.",The need for ethical judgment and contextual understanding in risk management.
13-2054.00,Financial Risk Specialists,21633,Review or draft risk disclosures for offer documents.,,3,medium,"While AI can assist in drafting and reviewing risk disclosures by handling routine data analysis and generating standard language, human judgment is essential for interpreting complex risks and ensuring compliance with regulatory standards.",Need for ethical judgment and regulatory compliance
13-2054.00,Financial Risk Specialists,21634,"Track, measure, or report on aspects of market risk for traded issues.",,4,medium,"AI can handle most data analysis and reporting tasks related to market risk, but human oversight is necessary for nuanced judgment and interpretation of complex scenarios.",Need for human judgment in exceptional cases.
13-2061.00,Financial Examiners,7324,"Direct and participate in formal and informal meetings with bank directors, trustees, senior management, counsels, outside accountants, and consultants to gather information and discuss findings.",4.73,2,medium,"While AI can assist in data analysis and preparation for meetings, the interpersonal trust and nuanced discussions required in these meetings necessitate human involvement.",Interpersonal trust and nuanced communication
13-2061.00,Financial Examiners,7317,"Recommend actions to ensure compliance with laws and regulations, or to protect solvency of institutions.",4.65,3,medium,"While AI can analyze data and identify compliance issues, the nuanced understanding of regulations and the ethical judgment required for recommendations still necessitate human oversight.",Complexity of regulatory frameworks
13-2061.00,Financial Examiners,7319,"Prepare reports, exhibits, and other supporting schedules that detail an institution's safety and soundness, compliance with laws and regulations, and recommended solutions to questionable financial conditions.",4.45,3,medium,"AI can automate data analysis and report generation, but human judgment is necessary for interpreting complex financial conditions and regulatory compliance.",Need for human judgment in complex financial scenarios
13-2061.00,Financial Examiners,7327,"Resolve problems concerning the overall financial integrity of banking institutions including loan investment portfolios, capital, earnings, and specific or large troubled accounts.",4.24,3,medium,"While AI can analyze financial data and identify issues, human judgment is essential for resolving complex problems and making ethical decisions regarding financial integrity.",Need for ethical judgment and nuanced understanding of financial contexts.
13-2061.00,Financial Examiners,7314,Investigate activities of institutions to enforce laws and regulations and to ensure legality of transactions and operations or financial solvency.,4.17,3,medium,"While AI can automate routine data analysis and flag potential issues, human judgment is essential for interpreting complex financial regulations and ethical considerations.",Need for ethical judgment and nuanced understanding of regulations
13-2061.00,Financial Examiners,7320,"Review balance sheets, operating income and expense accounts, and loan documentation to confirm institution assets and liabilities.",4.13,4,medium,"AI can automate the majority of data analysis and documentation review, but human oversight is needed for nuanced judgment and complex cases.",Need for human judgment in complex financial scenarios.
13-2061.00,Financial Examiners,7316,"Plan, supervise, and review work of assigned subordinates.",4.13,3,medium,"While AI can assist in planning and reviewing tasks, the need for human judgment and interpersonal skills in supervision remains significant.",Interpersonal trust and ethical judgment required in supervision.
13-2061.00,Financial Examiners,7321,Review audit reports of internal and external auditors to monitor adequacy of scope of reports or to discover specific weaknesses in internal routines.,4.04,3,medium,"AI can assist in analyzing audit reports and identifying routine weaknesses, but human judgment is necessary for nuanced evaluation and ethical considerations.",Need for human judgment in complex scenarios.
13-2061.00,Financial Examiners,7318,"Examine the minutes of meetings of directors, stockholders, and committees to investigate the specific authority extended at various levels of management.",3.96,3,medium,"AI can analyze meeting minutes for routine compliance checks, but human judgment is needed for nuanced interpretation and context.",Interpretation of context and nuance in human communication.
13-2061.00,Financial Examiners,7322,Train other examiners in the financial examination process.,3.83,2,medium,"While AI can assist in providing training materials and simulations, the interpersonal trust and nuanced understanding required for effective training still necessitate human involvement.",Interpersonal trust and nuanced understanding
13-2061.00,Financial Examiners,7323,Establish guidelines for procedures and policies that comply with new and revised regulations and direct their implementation.,3.78,3,medium,"While AI can assist in analyzing regulations and suggesting guidelines, the nuanced understanding of compliance and the need for ethical judgment still require human oversight.",Complexity of regulatory interpretation and ethical considerations.
13-2061.00,Financial Examiners,7315,"Review and analyze new, proposed, or revised laws, regulations, policies, and procedures to interpret their meaning and determine their impact.",3.74,3,medium,"While AI can assist in analyzing and interpreting regulations, the nuanced understanding and ethical judgment required for assessing their impact still necessitate human oversight.",The complexity and variability of legal language and the need for contextual understanding.
13-2061.00,Financial Examiners,20190,Provide regulatory compliance training to employees.,3.59,2,medium,"While AI can assist in creating training materials and providing information, the interpersonal trust and ethical judgment required for effective training still necessitate human involvement.",Interpersonal trust and ethical judgment
13-2061.00,Financial Examiners,7328,Evaluate data processing applications for institutions under examination to develop recommendations for coordinating existing systems with examination procedures.,3.5,3,medium,"AI can handle routine data processing and analysis, but human judgment is necessary for nuanced recommendations and understanding institutional contexts.",Need for ethical judgment and contextual understanding.
13-2061.00,Financial Examiners,7326,"Review applications for mergers, acquisitions, establishment of new institutions, acceptance in Federal Reserve System, or registration of securities sales to determine their public interest value and conformance to regulations, and recommend acceptance or rejection.",3.5,3,medium,"While AI can assist in analyzing data and identifying compliance issues, the nuanced judgment required for assessing public interest and regulatory conformance still necessitates human oversight.",The need for ethical judgment and understanding of complex regulatory frameworks.
13-2061.00,Financial Examiners,7325,"Verify and inspect cash reserves, assigned collateral, and bank-owned securities to check internal control procedures.",3.24,4,medium,AI can automate the verification and inspection processes but may require human oversight for complex judgment calls and exceptions.,Complexity of internal control procedures
13-2061.00,Financial Examiners,7329,"Confer with officials of real estate, securities, or financial institution industries to exchange views and discuss issues or pending cases.",2.94,2,medium,"While AI can assist in gathering data and providing insights, the nuanced discussions and relationship-building required in these conferences necessitate human involvement.",Interpersonal trust and nuanced communication
13-2082.00,Tax Preparers,7358,"Compute taxes owed or overpaid, using adding machines or personal computers, and complete entries on forms, following tax form instructions and tax tables.",4.75,4,high,"AI can handle the majority of tax computation tasks and form completion, with humans primarily reviewing for accuracy and compliance.",Complexity of tax regulations and need for human oversight in unique cases.
13-2082.00,Tax Preparers,7360,"Use all appropriate adjustments, deductions, and credits to keep clients' taxes to a minimum.",4.71,3,medium,"AI can handle routine calculations and data entry for tax preparation, but human judgment is needed for complex deductions and unique client situations.",Complexity of individual tax situations
13-2082.00,Tax Preparers,7363,Furnish taxpayers with sufficient information and advice to ensure correct tax form completion.,4.57,3,medium,"AI can assist in providing information and guidance for tax form completion, but human judgment is necessary for complex situations and personalized advice.",Complexity of individual tax situations requiring human judgment.
13-2082.00,Tax Preparers,7361,Interview clients to obtain additional information on taxable income and deductible expenses and allowances.,4.57,2,medium,"While AI can assist in gathering information and analyzing data, the interpersonal trust and nuanced understanding required in client interviews make full automation challenging.",Interpersonal trust
13-2082.00,Tax Preparers,7359,Prepare or assist in preparing simple to complex tax returns for individuals or small businesses.,4.5,4,high,"AI can handle most aspects of tax preparation, including data entry and calculations, while humans are needed for complex judgment and client interaction.",Complexity of tax regulations and client-specific nuances.
13-2082.00,Tax Preparers,7362,"Review financial records, such as income statements and documentation of expenditures to determine forms needed to prepare tax returns.",4.45,3,medium,"AI can automate the routine aspects of reviewing financial records, but human judgment is still needed for complex cases and exceptions.",Complexity of tax regulations and individual circumstances
13-2082.00,Tax Preparers,7366,"Check data input or verify totals on forms prepared by others to detect errors in arithmetic, data entry, or procedures.",4.37,4,high,"AI can efficiently handle data verification and error detection in tax forms, requiring minimal human oversight.",Advancements in specialized financial AI tools for data accuracy.
13-2082.00,Tax Preparers,20364,Explain federal and state tax laws to individuals and companies.,4.21,2,medium,"While AI can assist in providing information about tax laws, the nuanced understanding and interpersonal trust required for effective communication with clients still necessitate human involvement.",Interpersonal trust and ethical judgment
13-2082.00,Tax Preparers,20363,Answer questions and provide future tax planning to clients.,4.2,3,medium,"While AI can handle routine inquiries and provide general tax planning advice, the nuanced understanding of individual client situations and the need for interpersonal trust still require human involvement.",Interpersonal trust and individual client circumstances
13-2082.00,Tax Preparers,7364,Consult tax law handbooks or bulletins to determine procedures for preparation of atypical returns.,4.2,3,medium,"AI can assist in interpreting tax law and identifying procedures for atypical returns, but human judgment is necessary for complex cases and ethical considerations.",Complexity of tax law and need for human judgment in atypical situations.
13-2082.00,Tax Preparers,7365,Calculate form preparation fees according to return complexity and processing time required.,4.05,4,high,"AI can efficiently analyze return complexity and processing time to calculate fees, with minimal human oversight needed for final adjustments.",AI's ability to process large datasets and apply complex algorithms.
13-2082.00,Tax Preparers,21165,Schedule appointments with clients.,3.75,4,medium,"AI can automate the scheduling process through intelligent systems, but human oversight may still be needed for complex client interactions or changes.",Complexity of client interactions
43-3031.00,"Bookkeeping, Accounting, and Auditing Clerks",2487,"Operate computers programmed with accounting software to record, store, and analyze information.",4.76,4,high,"AI can handle most routine bookkeeping tasks through advanced accounting software, with humans primarily needed for oversight and complex decision-making.",The ability of AI to process large volumes of data efficiently.
43-3031.00,"Bookkeeping, Accounting, and Auditing Clerks",2486,"Check figures, postings, and documents for correct entry, mathematical accuracy, and proper codes.",4.68,4,high,"AI can efficiently handle the majority of data entry and verification tasks, with humans primarily overseeing and addressing exceptions.",Complexity of exceptions and need for human oversight.
43-3031.00,"Bookkeeping, Accounting, and Auditing Clerks",2488,"Comply with federal, state, and company policies, procedures, and regulations.",4.57,3,medium,"While AI can automate many routine compliance checks and data processing tasks, human judgment is still necessary for interpreting complex regulations and handling exceptions.",Complexity of regulations and need for human judgment
43-3031.00,"Bookkeeping, Accounting, and Auditing Clerks",2495,"Operate 10-key calculators, typewriters, and copy machines to perform calculations and produce documents.",4.47,5,high,"The task of operating 10-key calculators and producing documents can be fully automated with current AI technologies, including RPA and specialized financial tools.",Advancements in automation technology and software capabilities.
43-3031.00,"Bookkeeping, Accounting, and Auditing Clerks",2500,"Receive, record, and bank cash, checks, and vouchers.",4.46,4,high,"AI can automate the majority of cash handling and recording tasks, with humans primarily overseeing and verifying the process.",Accuracy and compliance in financial transactions.
43-3031.00,"Bookkeeping, Accounting, and Auditing Clerks",2493,Code documents according to company procedures.,4.32,4,high,"AI can efficiently handle the coding of documents according to established procedures, with minimal human oversight required for review and monitoring.",Standardization of procedures
43-3031.00,"Bookkeeping, Accounting, and Auditing Clerks",2497,"Perform financial calculations, such as amounts due, interest charges, balances, discounts, equity, and principal.",4.32,4,high,"AI can efficiently handle most financial calculations with high accuracy, while humans may only need to review and monitor the results.",AI's ability to process large volumes of data quickly and accurately.
43-3031.00,"Bookkeeping, Accounting, and Auditing Clerks",2496,Reconcile or note and report discrepancies found in records.,4.29,4,high,"AI can efficiently identify and report discrepancies in records, but human oversight is still needed for complex judgment calls and ethical considerations.",Complexity of exceptions and ethical judgment
43-3031.00,"Bookkeeping, Accounting, and Auditing Clerks",2498,"Perform general office duties, such as filing, answering telephones, and handling routine correspondence.",4.24,4,high,"Routine office duties like filing and handling correspondence can be largely automated with RPA and AI tools, requiring minimal human oversight.",Advancements in RPA and AI tools that can manage repetitive tasks efficiently.
43-3031.00,"Bookkeeping, Accounting, and Auditing Clerks",2494,Access computerized financial information to answer general questions as well as those related to specific accounts.,4.19,4,high,"AI can efficiently access and analyze financial information to answer questions, with minimal human oversight required for review and monitoring.",AI's ability to process and analyze large datasets quickly.
43-3031.00,"Bookkeeping, Accounting, and Auditing Clerks",2490,"Classify, record, and summarize numerical and financial data to compile and keep financial records, using journals and ledgers or computers.",4.17,4,high,"AI can automate most data classification, recording, and summarization tasks, with humans primarily involved in oversight and complex decision-making.",The ability of AI to process large volumes of data efficiently.
43-3031.00,"Bookkeeping, Accounting, and Auditing Clerks",2489,"Debit, credit, and total accounts on computer spreadsheets and databases, using specialized accounting software.",4.15,4,high,"AI can automate most routine bookkeeping tasks, with humans primarily needed for oversight and complex decision-making.",The ability of AI to process large volumes of data efficiently.
43-3031.00,"Bookkeeping, Accounting, and Auditing Clerks",2509,"Match order forms with invoices, and record the necessary information.",4.12,4,high,"AI can efficiently match order forms with invoices and record information, requiring minimal human oversight for exceptions.",AI's ability to process and analyze large volumes of data quickly.
43-3031.00,"Bookkeeping, Accounting, and Auditing Clerks",18561,Prepare and process payroll information.,4.71,4,high,"AI can handle most payroll processing tasks, but human oversight is needed for compliance and exceptions.",Regulatory compliance and exception handling
43-3031.00,"Bookkeeping, Accounting, and Auditing Clerks",2499,"Prepare bank deposits by compiling data from cashiers, verifying and balancing receipts, and sending cash, checks, or other forms of payment to banks.",4.61,4,medium,"While AI can automate the majority of data compilation and verification tasks, human oversight is still necessary for handling exceptions and ensuring compliance.",Need for human judgment in exception handling and compliance verification.
43-3031.00,"Bookkeeping, Accounting, and Auditing Clerks",2501,"Calculate and prepare checks for utilities, taxes, and other payments.",4.44,4,high,"AI can automate the calculation and preparation of checks for payments, with minimal human oversight required for review and monitoring.",Accuracy and compliance with regulations.
43-3031.00,"Bookkeeping, Accounting, and Auditing Clerks",2505,Monitor status of loans and accounts to ensure that payments are up to date.,4.4,4,high,"AI can efficiently monitor loan and account statuses and automate reminders for payments, with minimal human oversight required.",AI's ability to process large volumes of data and automate routine monitoring tasks.
43-3031.00,"Bookkeeping, Accounting, and Auditing Clerks",2503,Reconcile records of bank transactions.,4.38,4,high,"AI can handle most reconciliation tasks by automating data extraction and matching, while humans may only need to review exceptions or discrepancies.",Complexity of exceptions requiring human judgment.
43-3031.00,"Bookkeeping, Accounting, and Auditing Clerks",2507,"Compile budget data and documents, based on estimated revenues and expenses and previous budgets.",4.33,4,high,"AI can efficiently compile budget data and documents by analyzing historical data and automating routine calculations, while humans may only need to review and make final adjustments.",AI's ability to process large datasets and perform complex calculations quickly.
43-3031.00,"Bookkeeping, Accounting, and Auditing Clerks",2502,Compare computer printouts to manually maintained journals to determine if they match.,4.23,4,high,"AI can efficiently compare data and identify discrepancies, but human oversight is still needed for complex judgments and exceptions.",AI's ability to process large datasets quickly and accurately.
43-3031.00,"Bookkeeping, Accounting, and Auditing Clerks",2506,Transfer details from separate journals to general ledgers or data processing sheets.,4.2,5,high,The task of transferring details from separate journals to general ledgers is highly repetitive and can be fully automated using RPA and specialized financial AI tools available in 2026.,Repetitiveness of the task
43-3031.00,"Bookkeeping, Accounting, and Auditing Clerks",2510,"Complete and submit tax forms and returns, workers' compensation forms, pension contribution forms, and other government documents.",4.17,4,high,"AI can automate the majority of data entry and form completion tasks, with humans primarily involved in reviewing and ensuring compliance with regulations.",Complexity of regulations and need for human oversight
43-3031.00,"Bookkeeping, Accounting, and Auditing Clerks",2491,"Calculate, prepare, and issue bills, invoices, account statements, and other financial statements according to established procedures.",4.16,4,high,"AI can handle the majority of routine calculations and document preparation, with humans primarily overseeing and reviewing the outputs for accuracy and compliance.",Routine nature of tasks and advancements in AI tools for financial processing.
43-3031.00,"Bookkeeping, Accounting, and Auditing Clerks",2508,"Calculate costs of materials, overhead, and other expenses, based on estimates, quotations and price lists.",4.14,4,high,"AI can efficiently handle the calculation of costs using data inputs, while human oversight is needed for complex exceptions and judgment calls.",Complexity of exceptions and need for human oversight
43-3031.00,"Bookkeeping, Accounting, and Auditing Clerks",2514,Prepare purchase orders and expense reports.,4.11,4,high,"AI can automate the majority of data entry and processing tasks involved in preparing purchase orders and expense reports, with humans primarily needed for oversight and exception handling.",Complexity of exceptions and need for human oversight
43-3031.00,"Bookkeeping, Accounting, and Auditing Clerks",2504,Prepare trial balances of books.,4.08,4,high,"AI can handle most of the routine calculations and data entry involved in preparing trial balances, with humans primarily reviewing and monitoring the results for accuracy and compliance.",Complexity of financial regulations and the need for oversight.
43-3031.00,"Bookkeeping, Accounting, and Auditing Clerks",2492,"Compile statistical, financial, accounting, or auditing reports and tables pertaining to such matters as cash receipts, expenditures, accounts payable and receivable, and profits and losses.",3.97,4,high,"AI can automate the majority of data compilation and report generation tasks, with humans primarily involved in oversight and interpretation of results.",Complexity of financial regulations and the need for human oversight in decision-making.
43-3031.00,"Bookkeeping, Accounting, and Auditing Clerks",2511,Maintain inventory records.,3.57,4,high,"AI can automate most aspects of maintaining inventory records, with humans primarily involved in oversight and exception handling.",Complexity of inventory systems and need for occasional human judgment.
